B_hz,T_s,BT,gain_db,gain_theory_db,res_3db_m,res_theory_m,res_nominal_m,gain_err_db,res_err_rel,pass
5000.0,0.0005,2.5,3.301996104208642,3.979400086720376,0.1740086826134,0.1329,0.15,-0.6774039825117337,0.3093204109360421,False
5000.0,0.001,5.0,6.583214726605525,6.989700043360188,0.1575442205698497,0.1329,0.15,-0.4064853167546634,0.18543431580022363,False
5000.0,0.002,10.0,9.823861465280814,10.0,0.14745929857522988,0.1329,0.15,-0.17613853471918617,0.10955077934710222,False
5000.0,0.005,25.0,13.694105629048785,13.979400086720377,0.1402747149270812,0.1329,0.15,-0.2852944576715917,0.05549070675004675,True
10000.0,0.0005,5.0,6.5023992764406335,6.989700043360188,0.07876602109792649,0.06645,0.075,-0.4873007669195548,0.18534268017948086,False
10000.0,0.001,10.0,9.769332906620466,10.0,0.07372490366690415,0.06645,0.075,-0.23066709337953384,0.10947936293309501,False
10000.0,0.002,20.0,12.823880674134196,13.010299956639813,0.07077855169336544,0.06645,0.075,-0.18641928250561612,0.06513998033657553,True
10000.0,0.005,50.0,16.7517607049381,16.989700043360187,0.06876547368702327,0.06645,0.075,-0.2379393384220876,0.03484535270162925,True
20000.0,0.0005,10.0,9.664213228455768,10.0,0.03679895563903557,0.033225,0.0375,-0.33578677154423175,0.10756826603568315,False
20000.0,0.001,20.0,12.847218621054093,13.010299956639813,0.035331518383068215,0.033225,0.0375,-0.16308133558571924,0.06340160671386652,True
20000.0,0.002,40.0,15.885861981788633,16.02059991327962,0.034596760613231935,0.033225,0.0375,-0.13473793149098867,0.04128700115069783,True
20000.0,0.005,100.0,19.989993343234634,20.0,0.0339896566612174,0.033225,0.0375,-0.010006656765366273,0.023014496951614838,True
40000.0,0.0005,20.0,12.85815558092099,13.010299956639813,0.01768363490834645,0.0166125,0.01875,-0.152144375718823,0.06447764685305946,True
40000.0,0.001,40.0,15.868651967345386,16.02059991327962,0.017270161509753735,0.0166125,0.01875,-0.15194794593423566,0.039588352731601884,True
40000.0,0.002,80.0,18.97950391126502,19.030899869919434,0.017042786062852998,0.0166125,0.01875,-0.05139595865441393,0.025901343136373267,True
40000.0,0.005,200.0,22.97098064315499,23.010299956639813,0.016897186254443,0.0166125,0.01875,-0.039319313484821095,0.017136870094386802,True
