detector,offset_cells,pfa_ratio
ca,-86,0.575
ca,-85,0.8
ca,-84,1.075
ca,-83,1.075
ca,-82,1.15
ca,-81,0.975
ca,-80,0.825
ca,-79,1.0
ca,-78,0.975
ca,-77,1.0499999999999998
ca,-76,0.7749999999999999
ca,-75,1.0250000000000001
ca,-74,1.15
ca,-73,0.75
ca,-72,1.0
ca,-71,0.8
ca,-70,0.55
ca,-69,0.85
ca,-68,0.85
ca,-67,1.2999999999999998
ca,-66,0.85
ca,-65,1.15
ca,-64,0.925
ca,-63,0.95
ca,-62,0.75
ca,-61,1.1
ca,-60,0.925
ca,-59,0.825
ca,-58,1.1
ca,-57,1.2249999999999999
ca,-56,1.075
ca,-55,1.2
ca,-54,1.2249999999999999
ca,-53,1.1
ca,-52,1.2
ca,-51,1.0
ca,-50,1.0499999999999998
ca,-49,1.0499999999999998
ca,-48,1.15
ca,-47,1.125
ca,-46,1.075
ca,-45,1.0
ca,-44,1.15
ca,-43,1.425
ca,-42,1.2750000000000001
ca,-41,1.5499999999999998
ca,-40,0.975
ca,-39,1.0
ca,-38,1.0
ca,-37,0.975
ca,-36,0.85
ca,-35,1.175
ca,-34,0.7
ca,-33,0.825
ca,-32,0.925
ca,-31,1.0499999999999998
ca,-30,1.2249999999999999
ca,-29,1.125
ca,-28,1.175
ca,-27,1.0499999999999998
ca,-26,0.95
ca,-25,1.0499999999999998
ca,-24,0.925
ca,-23,1.075
ca,-22,1.075
ca,-21,1.075
ca,-20,1.0
ca,-19,0.75
ca,-18,1.325
ca,-17,1.0499999999999998
ca,-16,0.8999999999999999
ca,-15,1.0
ca,-14,0.025
ca,-13,0.05
ca,-12,0.0
ca,-11,0.0
ca,-10,0.0
ca,-9,0.0
ca,-8,0.0
ca,-7,0.0
ca,-6,0.0
ca,-5,0.0
ca,-4,0.0
ca,-3,0.0
ca,-2,0.0
ca,-1,0.0
ca,0,26.825
ca,1,28.349999999999998
ca,2,27.0
ca,3,19.95
ca,4,16.525000000000002
ca,5,12.25
ca,6,8.975
ca,7,7.199999999999999
ca,8,5.0249999999999995
ca,9,3.525
ca,10,2.9499999999999997
ca,11,2.7
ca,12,1.75
ca,13,1.5250000000000001
ca,14,0.725
ca,15,0.875
ca,16,1.0
ca,17,0.925
ca,18,0.925
ca,19,0.8999999999999999
ca,20,1.15
ca,21,1.0250000000000001
ca,22,1.0499999999999998
ca,23,1.075
ca,24,0.95
ca,25,0.8
ca,26,0.7749999999999999
ca,27,1.0250000000000001
ca,28,1.1
ca,29,0.95
ca,30,1.2249999999999999
ca,31,1.125
ca,32,0.95
ca,33,1.15
ca,34,0.875
ca,35,1.0499999999999998
ca,36,1.45
ca,37,0.75
ca,38,1.0250000000000001
ca,39,0.75
ca,40,1.15
ca,41,1.1
ca,42,1.175
ca,43,1.175
ca,44,1.0250000000000001
ca,45,0.825
ca,46,0.85
ca,47,0.925
ca,48,1.25
ca,49,0.925
ca,50,0.8
ca,51,1.0
ca,52,0.95
ca,53,0.925
ca,54,1.15
ca,55,1.2249999999999999
ca,56,0.85
ca,57,0.875
ca,58,0.875
ca,59,1.125
ca,60,0.925
ca,61,1.425
ca,62,0.875
ca,63,1.125
ca,64,1.075
ca,65,1.25
ca,66,1.075
ca,67,1.175
ca,68,0.85
ca,69,1.5
ca,70,0.85
ca,71,1.25
ca,72,0.95
ca,73,0.725
ca,74,0.875
ca,75,0.575
ca,76,1.1
ca,77,0.8
ca,78,0.8999999999999999
ca,79,0.975
ca,80,1.125
ca,81,1.15
ca,82,1.0250000000000001
ca,83,0.85
ca,84,0.925
ca,85,1.15
go,-86,0.85
go,-85,1.0
go,-84,1.2750000000000001
go,-83,0.95
go,-82,1.125
go,-81,1.0499999999999998
go,-80,0.8999999999999999
go,-79,0.8
go,-78,0.8999999999999999
go,-77,0.975
go,-76,0.925
go,-75,0.975
go,-74,1.175
go,-73,1.0250000000000001
go,-72,1.0499999999999998
go,-71,0.7749999999999999
go,-70,0.625
go,-69,0.85
go,-68,0.875
go,-67,1.375
go,-66,0.8
go,-65,1.125
go,-64,0.8999999999999999
go,-63,1.15
go,-62,0.7
go,-61,0.85
go,-60,0.825
go,-59,0.925
go,-58,0.975
go,-57,1.075
go,-56,1.0499999999999998
go,-55,1.2249999999999999
go,-54,1.2249999999999999
go,-53,1.2
go,-52,1.175
go,-51,0.975
go,-50,0.875
go,-49,1.125
go,-48,1.075
go,-47,1.125
go,-46,1.075
go,-45,1.2750000000000001
go,-44,1.1
go,-43,1.35
go,-42,1.2249999999999999
go,-41,1.4749999999999999
go,-40,0.925
go,-39,1.0499999999999998
go,-38,1.0250000000000001
go,-37,0.875
go,-36,0.75
go,-35,1.1
go,-34,0.675
go,-33,0.875
go,-32,0.975
go,-31,1.1
go,-30,1.2249999999999999
go,-29,1.0250000000000001
go,-28,1.175
go,-27,1.0
go,-26,0.95
go,-25,1.0250000000000001
go,-24,0.975
go,-23,0.925
go,-22,0.95
go,-21,1.15
go,-20,0.95
go,-19,0.7749999999999999
go,-18,1.25
go,-17,1.0250000000000001
go,-16,0.975
go,-15,1.0250000000000001
go,-14,0.05
go,-13,0.0
go,-12,0.0
go,-11,0.0
go,-10,0.0
go,-9,0.0
go,-8,0.0
go,-7,0.0
go,-6,0.0
go,-5,0.0
go,-4,0.0
go,-3,0.0
go,-2,0.0
go,-1,0.0
go,0,3.675
go,1,3.775
go,2,3.75
go,3,3.225
go,4,4.199999999999999
go,5,4.199999999999999
go,6,3.35
go,7,3.4749999999999996
go,8,3.275
go,9,2.575
go,10,2.35
go,11,2.275
go,12,1.75
go,13,1.425
go,14,0.7749999999999999
go,15,1.0
go,16,0.975
go,17,1.0250000000000001
go,18,1.1
go,19,1.2
go,20,1.15
go,21,1.075
go,22,1.1
go,23,0.95
go,24,1.125
go,25,0.8
go,26,0.925
go,27,0.8999999999999999
go,28,1.0250000000000001
go,29,1.0
go,30,1.2
go,31,1.2
go,32,0.85
go,33,1.0499999999999998
go,34,0.725
go,35,1.25
go,36,1.425
go,37,0.575
go,38,1.125
go,39,0.7
go,40,1.2249999999999999
go,41,1.15
go,42,1.2249999999999999
go,43,1.175
go,44,0.975
go,45,0.95
go,46,0.75
go,47,1.0
go,48,1.2249999999999999
go,49,1.0
go,50,1.0
go,51,0.85
go,52,1.0499999999999998
go,53,0.85
go,54,1.325
go,55,1.2999999999999998
go,56,0.7749999999999999
go,57,0.825
go,58,0.975
go,59,1.0250000000000001
go,60,0.85
go,61,1.4749999999999999
go,62,1.0
go,63,1.175
go,64,0.95
go,65,1.15
go,66,1.2
go,67,1.125
go,68,0.925
go,69,1.35
go,70,0.8999999999999999
go,71,1.2249999999999999
go,72,1.0250000000000001
go,73,0.875
go,74,0.925
go,75,0.6
go,76,0.95
go,77,0.875
go,78,0.975
go,79,0.925
go,80,1.075
go,81,1.175
go,82,1.15
go,83,0.85
go,84,0.925
go,85,0.975
so,-86,0.7
so,-85,0.725
so,-84,0.8999999999999999
so,-83,1.125
so,-82,1.1
so,-81,0.975
so,-80,0.7749999999999999
so,-79,1.125
so,-78,0.95
so,-77,0.95
so,-76,1.0499999999999998
so,-75,0.8999999999999999
so,-74,1.0499999999999998
so,-73,0.7749999999999999
so,-72,0.85
so,-71,1.0250000000000001
so,-70,0.7
so,-69,1.1
so,-68,1.1
so,-67,1.0
so,-66,0.95
so,-65,0.975
so,-64,0.8999999999999999
so,-63,0.8999999999999999
so,-62,0.8
so,-61,1.2999999999999998
so,-60,0.7
so,-59,0.95
so,-58,0.875
so,-57,0.975
so,-56,1.175
so,-55,1.15
so,-54,0.825
so,-53,0.975
so,-52,1.0
so,-51,0.925
so,-50,0.825
so,-49,1.2
so,-48,1.2249999999999999
so,-47,0.925
so,-46,1.0250000000000001
so,-45,0.8999999999999999
so,-44,1.125
so,-43,1.15
so,-42,1.0499999999999998
so,-41,1.4
so,-40,1.0499999999999998
so,-39,0.8999999999999999
so,-38,1.0
so,-37,0.85
so,-36,0.975
so,-35,1.175
so,-34,1.175
so,-33,0.625
so,-32,1.075
so,-31,0.75
so,-30,0.7749999999999999
so,-29,0.925
so,-28,0.8999999999999999
so,-27,1.0
so,-26,1.25
so,-25,1.1
so,-24,1.1
so,-23,1.35
so,-22,1.2999999999999998
so,-21,1.075
so,-20,1.125
so,-19,1.0
so,-18,1.175
so,-17,0.925
so,-16,0.75
so,-15,1.0
so,-14,0.475
so,-13,0.575
so,-12,0.725
so,-11,0.5
so,-10,0.6
so,-9,0.6
so,-8,0.475
so,-7,0.575
so,-6,0.675
so,-5,0.44999999999999996
so,-4,0.575
so,-3,0.475
so,-2,0.475
so,-1,0.475
so,0,724.625
so,1,723.9250000000001
so,2,722.7
so,3,392.79999999999995
so,4,215.575
so,5,118.74999999999999
so,6,65.22500000000001
so,7,37.525
so,8,19.125
so,9,10.35
so,10,5.675
so,11,3.65
so,12,2.075
so,13,1.6
so,14,0.8999999999999999
so,15,0.85
so,16,1.0499999999999998
so,17,1.0499999999999998
so,18,0.7749999999999999
so,19,0.825
so,20,1.35
so,21,0.85
so,22,0.925
so,23,1.0
so,24,0.975
so,25,0.975
so,26,0.875
so,27,1.2
so,28,0.875
so,29,0.8
so,30,1.1
so,31,0.85
so,32,1.0499999999999998
so,33,1.125
so,34,1.0
so,35,1.2249999999999999
so,36,1.075
so,37,0.8999999999999999
so,38,1.15
so,39,0.975
so,40,0.975
so,41,0.925
so,42,1.075
so,43,1.2249999999999999
so,44,1.25
so,45,0.95
so,46,1.0
so,47,0.875
so,48,1.15
so,49,1.075
so,50,0.8999999999999999
so,51,1.0250000000000001
so,52,1.0250000000000001
so,53,1.15
so,54,1.0250000000000001
so,55,1.125
so,56,0.95
so,57,0.85
so,58,1.0
so,59,1.2249999999999999
so,60,1.0250000000000001
so,61,1.25
so,62,1.0250000000000001
so,63,0.975
so,64,1.2249999999999999
so,65,1.4
so,66,1.125
so,67,1.2750000000000001
so,68,1.0499999999999998
so,69,1.7750000000000001
so,70,1.0
so,71,1.0
so,72,1.0250000000000001
so,73,0.8999999999999999
so,74,0.7749999999999999
so,75,0.85
so,76,1.0499999999999998
so,77,0.975
so,78,0.7749999999999999
so,79,1.125
so,80,1.0
so,81,1.2249999999999999
so,82,0.7
so,83,0.85
so,84,0.8
so,85,0.95
os,-86,0.7749999999999999
os,-85,0.95
os,-84,0.85
os,-83,0.975
os,-82,1.15
os,-81,0.85
os,-80,0.8
os,-79,1.0
os,-78,0.95
os,-77,1.075
os,-76,0.95
os,-75,1.1
os,-74,1.125
os,-73,0.85
os,-72,0.925
os,-71,0.85
os,-70,0.55
os,-69,1.0
os,-68,1.15
os,-67,1.25
os,-66,0.825
os,-65,1.15
os,-64,0.675
os,-63,1.0250000000000001
os,-62,0.825
os,-61,1.0499999999999998
os,-60,0.925
os,-59,0.7749999999999999
os,-58,1.075
os,-57,0.85
os,-56,1.0
os,-55,1.0
os,-54,0.925
os,-53,1.0250000000000001
os,-52,0.875
os,-51,1.0499999999999998
os,-50,0.625
os,-49,1.175
os,-48,0.8999999999999999
os,-47,0.975
os,-46,1.2750000000000001
os,-45,1.2
os,-44,0.85
os,-43,1.125
os,-42,1.175
os,-41,1.45
os,-40,0.95
os,-39,0.825
os,-38,0.875
os,-37,0.975
os,-36,0.7
os,-35,1.15
os,-34,0.925
os,-33,0.925
os,-32,0.85
os,-31,1.2249999999999999
os,-30,1.2750000000000001
os,-29,1.125
os,-28,1.0250000000000001
os,-27,1.175
os,-26,0.95
os,-25,1.075
os,-24,0.825
os,-23,1.175
os,-22,1.0499999999999998
os,-21,1.0
os,-20,1.1
os,-19,0.625
os,-18,1.2249999999999999
os,-17,1.0499999999999998
os,-16,0.825
os,-15,1.1
os,-14,0.44999999999999996
os,-13,0.275
os,-12,0.22499999999999998
os,-11,0.05
os,-10,0.075
os,-9,0.0
os,-8,0.025
os,-7,0.0
os,-6,0.0
os,-5,0.0
os,-4,0.0
os,-3,0.0
os,-2,0.0
os,-1,0.0
os,0,41.55
os,1,41.075
os,2,40.9
os,3,25.825
os,4,19.0
os,5,12.825
os,6,9.525
os,7,7.199999999999999
os,8,4.75
os,9,3.4749999999999996
os,10,2.5999999999999996
os,11,2.175
os,12,1.4749999999999999
os,13,1.5
os,14,0.7
os,15,0.8999999999999999
os,16,1.0250000000000001
os,17,0.975
os,18,1.0250000000000001
os,19,0.825
os,20,1.0250000000000001
os,21,1.0499999999999998
os,22,0.75
os,23,1.0
os,24,1.0499999999999998
os,25,0.6499999999999999
os,26,0.85
os,27,1.15
os,28,0.85
os,29,1.0499999999999998
os,30,0.925
os,31,1.15
os,32,1.075
os,33,1.45
os,34,0.75
os,35,1.2
os,36,1.2750000000000001
os,37,0.925
os,38,1.2
os,39,0.85
os,40,1.2999999999999998
os,41,0.85
os,42,1.2
os,43,1.15
os,44,1.1
os,45,0.925
os,46,1.0
os,47,0.875
os,48,1.1
os,49,0.8999999999999999
os,50,0.85
os,51,0.95
os,52,0.925
os,53,0.85
os,54,1.2750000000000001
os,55,1.35
os,56,0.8999999999999999
os,57,0.7749999999999999
os,58,0.875
os,59,1.0250000000000001
os,60,0.925
os,61,1.65
os,62,0.85
os,63,1.175
os,64,1.2249999999999999
os,65,1.125
os,66,1.175
os,67,1.1
os,68,0.875
os,69,1.6
os,70,0.85
os,71,1.175
os,72,1.0250000000000001
os,73,0.85
os,74,0.725
os,75,0.475
os,76,1.0
os,77,0.925
os,78,1.1
os,79,0.7749999999999999
os,80,1.075
os,81,1.2999999999999998
os,82,0.825
os,83,0.75
os,84,0.925
os,85,1.075
