texture_corr_cells,nu,detector,pfa_ratio
50,0.5,ideal,21.648
50,0.5,ca,1.004625905068383
50,0.5,go,0.7642799678197909
50,0.5,so,20.301689460981496
50,0.5,os,1.2313958165728078
50,1.0,ideal,13.8165
50,1.0,ca,1.035297666934835
50,1.0,go,0.8869670152855994
50,1.0,so,7.424074818986323
50,1.0,os,1.1821198712791634
50,2.0,ideal,8.2375
50,2.0,ca,1.0875905068382945
50,2.0,go,0.9684231697506034
50,2.0,so,2.7458769106999195
50,2.0,os,1.1212791633145616
50,5.0,ideal,4.001
50,5.0,ca,1.0036202735317779
50,5.0,go,0.9749597747385358
50,5.0,so,1.3757039420756234
50,5.0,os,1.04434835076428
50,20.0,ideal,1.7405
50,20.0,ca,1.0051287208366853
50,20.0,go,0.9915526950925182
50,20.0,so,1.076025744167337
50,20.0,os,1.04032582461786
50,inf,ideal,1.0195
50,inf,ca,1.0252413515687853
50,inf,go,1.0166934835076427
50,inf,so,0.997586484312148
50,inf,os,1.0262469831053902
1,0.5,ideal,24.456
1,0.5,ca,27.98220032180209
1,0.5,go,23.10086484312148
1,0.5,so,39.68322606596943
1,0.5,os,46.64370474658085
1,1.0,ideal,15.9905
1,1.0,ca,16.878016894609814
1,1.0,go,14.421761866452131
1,1.0,so,21.274637972646822
1,1.0,os,23.879726468222046
1,2.0,ideal,9.474
1,2.0,ca,9.246781979082863
1,2.0,go,8.18382944489139
1,2.0,so,10.541532582461786
1,2.0,os,11.622083668543844
1,5.0,ideal,4.5455
1,5.0,ca,4.234211584875301
1,5.0,go,3.940567176186645
1,5.0,so,4.300080450522929
1,5.0,os,4.694790828640386
1,20.0,ideal,1.842
1,20.0,ca,1.715104585679807
1,20.0,go,1.624597747385358
1,20.0,so,1.6698511665325824
1,20.0,os,1.7271721641190667
1,inf,ideal,1.0315
1,inf,ca,1.0051287208366853
1,inf,go,1.0222244569589702
1,inf,so,1.0001005631536606
1,inf,os,1.0378117457763476
