config,swerling,detector,snr_db,pd,n
theory,0,ideal,0.0,0.00368129865136417,0
theory,0,ideal,1.0,0.005916617625294713,0
theory,0,ideal,2.0,0.009829564167349727,0
theory,0,ideal,3.0,0.016811712682534376,0
theory,0,ideal,4.0,0.029411884863202214,0
theory,0,ideal,5.0,0.05214421859004777,0
theory,0,ideal,6.0,0.0924796882236752,0
theory,0,ideal,7.0,0.1613002112131362,0
theory,0,ideal,8.0,0.27082728624249114,0
theory,0,ideal,9.0,0.42697917043791583,0
theory,0,ideal,10.0,0.6161358485075652,0
theory,0,ideal,11.0,0.7979695521869943,0
theory,0,ideal,12.0,0.9251081054005629,0
theory,0,ideal,13.0,0.9830467881439607,0
theory,0,ideal,14.0,0.998050152295487,0
theory,0,ideal,15.0,0.9999099685549163,0
theory,0,ideal,16.0,0.9999987647295489,0
theory,0,ideal,17.0,0.9999999965694482,0
theory,0,ideal,18.0,0.9999999999988178,0
theory,0,ideal,19.0,1.0,0
theory,0,ideal,20.0,1.0,0
theory,0,ideal,21.0,1.0,0
theory,0,ideal,22.0,1.0,0
theory,0,ideal,23.0,1.0,0
theory,0,ideal,24.0,1.0,0
theory,1,ideal,0.0,0.01,0
theory,1,ideal,1.0,0.01695299894726939,0
theory,1,ideal,2.0,0.02834962252322091,0
theory,1,ideal,3.0,0.046191035506710894,0
theory,1,ideal,4.0,0.07261243558132402,0
theory,1,ideal,5.0,0.10939254005049678,0
theory,1,ideal,6.0,0.15738377727622793,0
theory,1,ideal,7.0,0.21609756673087255,0
theory,1,ideal,8.0,0.2836432452231524,0
theory,1,ideal,9.0,0.3570564813646886,0
theory,1,ideal,10.0,0.43287612810830584,0
theory,1,ideal,11.0,0.5077498169748902,0
theory,1,ideal,12.0,0.578890240130978,0
theory,1,ideal,13.0,0.6443073948501822,0
theory,1,ideal,14.0,0.702835977436018,0
theory,1,ideal,15.0,0.7540259281031874,0
theory,1,ideal,16.0,0.7979699368213116,0
theory,1,ideal,17.0,0.8351236534538956,0
theory,1,ideal,18.0,0.8661504812688695,0
theory,1,ideal,19.0,0.8918032669732009,0
theory,1,ideal,20.0,0.9128428949429007,0
theory,1,ideal,21.0,0.9299878284343522,0
theory,1,ideal,22.0,0.9438868825713961,0
theory,1,ideal,23.0,0.9551080050922385,0
theory,1,ideal,24.0,0.9641372391658523,0
theory,1,ca,0.0,0.007187576053216639,0
theory,1,ca,1.0,0.012193966120308914,0
theory,1,ca,2.0,0.020580670252926325,0
theory,1,ca,3.0,0.03410177331586851,0
theory,1,ca,4.0,0.05484508285895291,0
theory,1,ca,5.0,0.08487365176435839,0
theory,1,ca,6.0,0.12568651406748135,0
theory,1,ca,7.0,0.17767957254067096,0
theory,1,ca,8.0,0.23984411691204569,0
theory,1,ca,9.0,0.30985198688067594,0
theory,1,ca,10.0,0.3844944521184161,0
theory,1,ca,11.0,0.46029211846495777,0
theory,1,ca,12.0,0.5340605050976042,0
theory,1,ca,13.0,0.6032879007497368,0
theory,1,ca,14.0,0.6662882345237942,0
theory,1,ca,15.0,0.7221709496191296,0
theory,1,ca,16.0,0.7707016689126455,0
theory,1,ca,17.0,0.8121224280273206,0
theory,1,ca,18.0,0.8469785445173834,0
theory,1,ca,19.0,0.8759762248336623,0
theory,1,ca,20.0,0.8998780109129945,0
theory,1,ca,21.0,0.9194333502781219,0
theory,1,ca,22.0,0.9353373613593652,0
theory,1,ca,23.0,0.9482100992055492,0
theory,1,ca,24.0,0.9585895555338868,0
theory,1,go,0.0,0.00684556537636281,0
theory,1,go,1.0,0.011594580503193438,0
theory,1,go,2.0,0.019562014062696725,0
theory,1,go,3.0,0.03244531366927163,0
theory,1,go,4.0,0.052295903559641796,0
theory,1,go,5.0,0.08118929249827336,0
theory,1,go,6.0,0.12070537221845765,0
theory,1,go,7.0,0.1713834887711727,0
theory,1,go,8.0,0.23238626703256626,0
theory,1,go,9.0,0.3015360988023614,0
theory,1,go,10.0,0.3757146709826944,0
theory,1,go,11.0,0.4514584716673957,0
theory,1,go,12.0,0.5255351201613601,0
theory,1,go,13.0,0.595346238261146,0
theory,1,go,14.0,0.6591068753636042,0
theory,1,go,15.0,0.7158352809399641,0
theory,1,go,16.0,0.765224369605116,0
theory,1,go,17.0,0.8074650546723898,0
theory,1,go,18.0,0.8430713340729965,0
theory,1,go,19.0,0.8727338552373257,0
theory,1,go,20.0,0.8972108642855212,0
theory,1,go,21.0,0.9172547923704696,0
theory,1,go,22.0,0.9335679174622763,0
theory,1,go,23.0,0.9467794252941634,0
theory,1,go,24.0,0.9574369635120837,0
theory,1,os,0.0,0.006172184053091494,0
theory,1,os,1.0,0.010441286692869355,0
theory,1,os,2.0,0.0176429392469042,0
theory,1,os,3.0,0.029382534941562472,0
theory,1,os,4.0,0.047657537531613385,0
theory,1,os,5.0,0.07457423414515763,0
theory,1,os,6.0,0.11185791458910162,0
theory,1,os,7.0,0.1602951763669404,0
theory,1,os,8.0,0.2193380863089552,0
theory,1,os,9.0,0.2870595018251917,0
theory,1,os,10.0,0.36048820276927945,0
theory,1,os,11.0,0.4361819111430387,0
theory,1,os,12.0,0.5108227961620193,0
theory,1,os,13.0,0.5816628659125884,0
theory,1,os,14.0,0.6467481028788072,0
theory,1,os,15.0,0.7049415742718135,0
theory,1,os,16.0,0.755812875440983,0
theory,1,os,17.0,0.7994664901522842,0
theory,1,os,18.0,0.8363637072052849,0
theory,1,os,19.0,0.8671692436034878,0
theory,1,os,20.0,0.892634516281641,0
theory,1,os,21.0,0.9135174444040756,0
theory,1,os,22.0,0.9305328336933998,0
theory,1,os,23.0,0.944325692766721,0
theory,1,os,24.0,0.9554603349261215,0
white-x4-contig,0,ideal,0.0,0.005,4000
white-x4-contig,0,ca,0.0,0.00825,4000
white-x4-contig,0,go,0.0,0.00575,4000
white-x4-contig,0,os,0.0,0.006,4000
white-x4-contig,0,ideal,1.0,0.006,4000
white-x4-contig,0,ca,1.0,0.00975,4000
white-x4-contig,0,go,1.0,0.00625,4000
white-x4-contig,0,os,1.0,0.0075,4000
white-x4-contig,0,ideal,2.0,0.01125,4000
white-x4-contig,0,ca,2.0,0.0125,4000
white-x4-contig,0,go,2.0,0.01,4000
white-x4-contig,0,os,2.0,0.01075,4000
white-x4-contig,0,ideal,3.0,0.01675,4000
white-x4-contig,0,ca,3.0,0.0215,4000
white-x4-contig,0,go,3.0,0.017,4000
white-x4-contig,0,os,3.0,0.01925,4000
white-x4-contig,0,ideal,4.0,0.024,4000
white-x4-contig,0,ca,4.0,0.02825,4000
white-x4-contig,0,go,4.0,0.02075,4000
white-x4-contig,0,os,4.0,0.0225,4000
white-x4-contig,0,ideal,5.0,0.05125,4000
white-x4-contig,0,ca,5.0,0.05025,4000
white-x4-contig,0,go,5.0,0.039,4000
white-x4-contig,0,os,5.0,0.04175,4000
white-x4-contig,0,ideal,6.0,0.0945,4000
white-x4-contig,0,ca,6.0,0.08175,4000
white-x4-contig,0,go,6.0,0.06175,4000
white-x4-contig,0,os,6.0,0.06625,4000
white-x4-contig,0,ideal,7.0,0.1565,4000
white-x4-contig,0,ca,7.0,0.124,4000
white-x4-contig,0,go,7.0,0.09675,4000
white-x4-contig,0,os,7.0,0.09925,4000
white-x4-contig,0,ideal,8.0,0.275,4000
white-x4-contig,0,ca,8.0,0.20275,4000
white-x4-contig,0,go,8.0,0.16225,4000
white-x4-contig,0,os,8.0,0.17025,4000
white-x4-contig,0,ideal,9.0,0.42275,4000
white-x4-contig,0,ca,9.0,0.3105,4000
white-x4-contig,0,go,9.0,0.24325,4000
white-x4-contig,0,os,9.0,0.2635,4000
white-x4-contig,0,ideal,10.0,0.62025,4000
white-x4-contig,0,ca,10.0,0.4505,4000
white-x4-contig,0,go,10.0,0.3635,4000
white-x4-contig,0,os,10.0,0.38825,4000
white-x4-contig,0,ideal,11.0,0.79725,4000
white-x4-contig,0,ca,11.0,0.60175,4000
white-x4-contig,0,go,11.0,0.517,4000
white-x4-contig,0,os,11.0,0.5305,4000
white-x4-contig,0,ideal,12.0,0.9285,4000
white-x4-contig,0,ca,12.0,0.7675,4000
white-x4-contig,0,go,12.0,0.6705,4000
white-x4-contig,0,os,12.0,0.69225,4000
white-x4-contig,0,ideal,13.0,0.9825,4000
white-x4-contig,0,ca,13.0,0.88275,4000
white-x4-contig,0,go,13.0,0.8095,4000
white-x4-contig,0,os,13.0,0.829,4000
white-x4-contig,0,ideal,14.0,0.997,4000
white-x4-contig,0,ca,14.0,0.95375,4000
white-x4-contig,0,go,14.0,0.90775,4000
white-x4-contig,0,os,14.0,0.91725,4000
white-x4-contig,0,ideal,15.0,1.0,4000
white-x4-contig,0,ca,15.0,0.991,4000
white-x4-contig,0,go,15.0,0.97675,4000
white-x4-contig,0,os,15.0,0.98125,4000
white-x4-contig,0,ideal,16.0,1.0,4000
white-x4-contig,0,ca,16.0,0.99925,4000
white-x4-contig,0,go,16.0,0.9925,4000
white-x4-contig,0,os,16.0,0.996,4000
white-x4-contig,0,ideal,17.0,1.0,4000
white-x4-contig,0,ca,17.0,1.0,4000
white-x4-contig,0,go,17.0,0.9995,4000
white-x4-contig,0,os,17.0,0.9995,4000
white-x4-contig,0,ideal,18.0,1.0,4000
white-x4-contig,0,ca,18.0,1.0,4000
white-x4-contig,0,go,18.0,1.0,4000
white-x4-contig,0,os,18.0,1.0,4000
white-x4-contig,0,ideal,19.0,1.0,4000
white-x4-contig,0,ca,19.0,1.0,4000
white-x4-contig,0,go,19.0,1.0,4000
white-x4-contig,0,os,19.0,1.0,4000
white-x4-contig,0,ideal,20.0,1.0,4000
white-x4-contig,0,ca,20.0,1.0,4000
white-x4-contig,0,go,20.0,1.0,4000
white-x4-contig,0,os,20.0,1.0,4000
white-x4-contig,0,ideal,21.0,1.0,4000
white-x4-contig,0,ca,21.0,1.0,4000
white-x4-contig,0,go,21.0,1.0,4000
white-x4-contig,0,os,21.0,1.0,4000
white-x4-contig,0,ideal,22.0,1.0,4000
white-x4-contig,0,ca,22.0,1.0,4000
white-x4-contig,0,go,22.0,1.0,4000
white-x4-contig,0,os,22.0,1.0,4000
white-x4-contig,0,ideal,23.0,1.0,4000
white-x4-contig,0,ca,23.0,1.0,4000
white-x4-contig,0,go,23.0,1.0,4000
white-x4-contig,0,os,23.0,1.0,4000
white-x4-contig,0,ideal,24.0,1.0,4000
white-x4-contig,0,ca,24.0,1.0,4000
white-x4-contig,0,go,24.0,1.0,4000
white-x4-contig,0,os,24.0,1.0,4000
white-x4-contig,1,ideal,0.0,0.01,4000
white-x4-contig,1,ca,0.0,0.011,4000
white-x4-contig,1,go,0.0,0.009,4000
white-x4-contig,1,os,0.0,0.0095,4000
white-x4-contig,1,ideal,1.0,0.0155,4000
white-x4-contig,1,ca,1.0,0.01975,4000
white-x4-contig,1,go,1.0,0.01475,4000
white-x4-contig,1,os,1.0,0.0145,4000
white-x4-contig,1,ideal,2.0,0.02875,4000
white-x4-contig,1,ca,2.0,0.02425,4000
white-x4-contig,1,go,2.0,0.0195,4000
white-x4-contig,1,os,2.0,0.02125,4000
white-x4-contig,1,ideal,3.0,0.04925,4000
white-x4-contig,1,ca,3.0,0.04125,4000
white-x4-contig,1,go,3.0,0.033,4000
white-x4-contig,1,os,3.0,0.034,4000
white-x4-contig,1,ideal,4.0,0.07625,4000
white-x4-contig,1,ca,4.0,0.06075,4000
white-x4-contig,1,go,4.0,0.049,4000
white-x4-contig,1,os,4.0,0.05175,4000
white-x4-contig,1,ideal,5.0,0.116,4000
white-x4-contig,1,ca,5.0,0.0885,4000
white-x4-contig,1,go,5.0,0.07025,4000
white-x4-contig,1,os,5.0,0.0755,4000
white-x4-contig,1,ideal,6.0,0.1545,4000
white-x4-contig,1,ca,6.0,0.116,4000
white-x4-contig,1,go,6.0,0.09575,4000
white-x4-contig,1,os,6.0,0.097,4000
white-x4-contig,1,ideal,7.0,0.22275,4000
white-x4-contig,1,ca,7.0,0.1715,4000
white-x4-contig,1,go,7.0,0.148,4000
white-x4-contig,1,os,7.0,0.147,4000
white-x4-contig,1,ideal,8.0,0.292,4000
white-x4-contig,1,ca,8.0,0.2325,4000
white-x4-contig,1,go,8.0,0.1985,4000
white-x4-contig,1,os,8.0,0.20925,4000
white-x4-contig,1,ideal,9.0,0.3555,4000
white-x4-contig,1,ca,9.0,0.29325,4000
white-x4-contig,1,go,9.0,0.256,4000
white-x4-contig,1,os,9.0,0.26675,4000
white-x4-contig,1,ideal,10.0,0.4425,4000
white-x4-contig,1,ca,10.0,0.3675,4000
white-x4-contig,1,go,10.0,0.32975,4000
white-x4-contig,1,os,10.0,0.34175,4000
white-x4-contig,1,ideal,11.0,0.51475,4000
white-x4-contig,1,ca,11.0,0.45075,4000
white-x4-contig,1,go,11.0,0.40525,4000
white-x4-contig,1,os,11.0,0.4115,4000
white-x4-contig,1,ideal,12.0,0.575,4000
white-x4-contig,1,ca,12.0,0.5065,4000
white-x4-contig,1,go,12.0,0.45675,4000
white-x4-contig,1,os,12.0,0.4685,4000
white-x4-contig,1,ideal,13.0,0.65025,4000
white-x4-contig,1,ca,13.0,0.586,4000
white-x4-contig,1,go,13.0,0.54575,4000
white-x4-contig,1,os,13.0,0.5505,4000
white-x4-contig,1,ideal,14.0,0.705,4000
white-x4-contig,1,ca,14.0,0.64475,4000
white-x4-contig,1,go,14.0,0.60425,4000
white-x4-contig,1,os,14.0,0.612,4000
white-x4-contig,1,ideal,15.0,0.75175,4000
white-x4-contig,1,ca,15.0,0.69925,4000
white-x4-contig,1,go,15.0,0.6575,4000
white-x4-contig,1,os,15.0,0.672,4000
white-x4-contig,1,ideal,16.0,0.8015,4000
white-x4-contig,1,ca,16.0,0.75775,4000
white-x4-contig,1,go,16.0,0.7245,4000
white-x4-contig,1,os,16.0,0.73225,4000
white-x4-contig,1,ideal,17.0,0.835,4000
white-x4-contig,1,ca,17.0,0.792,4000
white-x4-contig,1,go,17.0,0.76575,4000
white-x4-contig,1,os,17.0,0.77125,4000
white-x4-contig,1,ideal,18.0,0.86375,4000
white-x4-contig,1,ca,18.0,0.82525,4000
white-x4-contig,1,go,18.0,0.80425,4000
white-x4-contig,1,os,18.0,0.81325,4000
white-x4-contig,1,ideal,19.0,0.8965,4000
white-x4-contig,1,ca,19.0,0.867,4000
white-x4-contig,1,go,19.0,0.8505,4000
white-x4-contig,1,os,19.0,0.8565,4000
white-x4-contig,1,ideal,20.0,0.91375,4000
white-x4-contig,1,ca,20.0,0.89075,4000
white-x4-contig,1,go,20.0,0.876,4000
white-x4-contig,1,os,20.0,0.88025,4000
white-x4-contig,1,ideal,21.0,0.92975,4000
white-x4-contig,1,ca,21.0,0.91175,4000
white-x4-contig,1,go,21.0,0.899,4000
white-x4-contig,1,os,21.0,0.9015,4000
white-x4-contig,1,ideal,22.0,0.94625,4000
white-x4-contig,1,ca,22.0,0.92875,4000
white-x4-contig,1,go,22.0,0.918,4000
white-x4-contig,1,os,22.0,0.92225,4000
white-x4-contig,1,ideal,23.0,0.9565,4000
white-x4-contig,1,ca,23.0,0.94275,4000
white-x4-contig,1,go,23.0,0.9345,4000
white-x4-contig,1,os,23.0,0.93725,4000
white-x4-contig,1,ideal,24.0,0.96775,4000
white-x4-contig,1,ca,24.0,0.95725,4000
white-x4-contig,1,go,24.0,0.95025,4000
white-x4-contig,1,os,24.0,0.95275,4000
white-x4,0,ideal,0.0,0.00275,4000
white-x4,0,ca,0.0,0.002,4000
white-x4,0,go,0.0,0.00175,4000
white-x4,0,os,0.0,0.00175,4000
white-x4,0,ideal,1.0,0.00725,4000
white-x4,0,ca,1.0,0.0035,4000
white-x4,0,go,1.0,0.0045,4000
white-x4,0,os,1.0,0.00375,4000
white-x4,0,ideal,2.0,0.013,4000
white-x4,0,ca,2.0,0.00625,4000
white-x4,0,go,2.0,0.0075,4000
white-x4,0,os,2.0,0.0075,4000
white-x4,0,ideal,3.0,0.01875,4000
white-x4,0,ca,3.0,0.01125,4000
white-x4,0,go,3.0,0.011,4000
white-x4,0,os,3.0,0.01175,4000
white-x4,0,ideal,4.0,0.0325,4000
white-x4,0,ca,4.0,0.02075,4000
white-x4,0,go,4.0,0.01925,4000
white-x4,0,os,4.0,0.02,4000
white-x4,0,ideal,5.0,0.053,4000
white-x4,0,ca,5.0,0.0365,4000
white-x4,0,go,5.0,0.0355,4000
white-x4,0,os,5.0,0.03125,4000
white-x4,0,ideal,6.0,0.09825,4000
white-x4,0,ca,6.0,0.0645,4000
white-x4,0,go,6.0,0.0595,4000
white-x4,0,os,6.0,0.058,4000
white-x4,0,ideal,7.0,0.16175,4000
white-x4,0,ca,7.0,0.1125,4000
white-x4,0,go,7.0,0.10525,4000
white-x4,0,os,7.0,0.09425,4000
white-x4,0,ideal,8.0,0.278,4000
white-x4,0,ca,8.0,0.18575,4000
white-x4,0,go,8.0,0.17275,4000
white-x4,0,os,8.0,0.15875,4000
white-x4,0,ideal,9.0,0.42575,4000
white-x4,0,ca,9.0,0.315,4000
white-x4,0,go,9.0,0.298,4000
white-x4,0,os,9.0,0.27275,4000
white-x4,0,ideal,10.0,0.61575,4000
white-x4,0,ca,10.0,0.48525,4000
white-x4,0,go,10.0,0.46475,4000
white-x4,0,os,10.0,0.42875,4000
white-x4,0,ideal,11.0,0.7925,4000
white-x4,0,ca,11.0,0.66175,4000
white-x4,0,go,11.0,0.63525,4000
white-x4,0,os,11.0,0.59725,4000
white-x4,0,ideal,12.0,0.91875,4000
white-x4,0,ca,12.0,0.83025,4000
white-x4,0,go,12.0,0.809,4000
white-x4,0,os,12.0,0.77825,4000
white-x4,0,ideal,13.0,0.98375,4000
white-x4,0,ca,13.0,0.9385,4000
white-x4,0,go,13.0,0.926,4000
white-x4,0,os,13.0,0.9045,4000
white-x4,0,ideal,14.0,0.998,4000
white-x4,0,ca,14.0,0.9895,4000
white-x4,0,go,14.0,0.986,4000
white-x4,0,os,14.0,0.976,4000
white-x4,0,ideal,15.0,1.0,4000
white-x4,0,ca,15.0,0.99925,4000
white-x4,0,go,15.0,0.99825,4000
white-x4,0,os,15.0,0.99825,4000
white-x4,0,ideal,16.0,1.0,4000
white-x4,0,ca,16.0,1.0,4000
white-x4,0,go,16.0,1.0,4000
white-x4,0,os,16.0,0.99975,4000
white-x4,0,ideal,17.0,1.0,4000
white-x4,0,ca,17.0,1.0,4000
white-x4,0,go,17.0,1.0,4000
white-x4,0,os,17.0,1.0,4000
white-x4,0,ideal,18.0,1.0,4000
white-x4,0,ca,18.0,1.0,4000
white-x4,0,go,18.0,1.0,4000
white-x4,0,os,18.0,1.0,4000
white-x4,0,ideal,19.0,1.0,4000
white-x4,0,ca,19.0,1.0,4000
white-x4,0,go,19.0,1.0,4000
white-x4,0,os,19.0,1.0,4000
white-x4,0,ideal,20.0,1.0,4000
white-x4,0,ca,20.0,1.0,4000
white-x4,0,go,20.0,1.0,4000
white-x4,0,os,20.0,1.0,4000
white-x4,0,ideal,21.0,1.0,4000
white-x4,0,ca,21.0,1.0,4000
white-x4,0,go,21.0,1.0,4000
white-x4,0,os,21.0,1.0,4000
white-x4,0,ideal,22.0,1.0,4000
white-x4,0,ca,22.0,1.0,4000
white-x4,0,go,22.0,1.0,4000
white-x4,0,os,22.0,1.0,4000
white-x4,0,ideal,23.0,1.0,4000
white-x4,0,ca,23.0,1.0,4000
white-x4,0,go,23.0,1.0,4000
white-x4,0,os,23.0,1.0,4000
white-x4,0,ideal,24.0,1.0,4000
white-x4,0,ca,24.0,1.0,4000
white-x4,0,go,24.0,1.0,4000
white-x4,0,os,24.0,1.0,4000
white-x4,1,ideal,0.0,0.00875,4000
white-x4,1,ca,0.0,0.005,4000
white-x4,1,go,0.0,0.00525,4000
white-x4,1,os,0.0,0.00525,4000
white-x4,1,ideal,1.0,0.01625,4000
white-x4,1,ca,1.0,0.01225,4000
white-x4,1,go,1.0,0.01,4000
white-x4,1,os,1.0,0.01025,4000
white-x4,1,ideal,2.0,0.02625,4000
white-x4,1,ca,2.0,0.0205,4000
white-x4,1,go,2.0,0.0205,4000
white-x4,1,os,2.0,0.01975,4000
white-x4,1,ideal,3.0,0.05225,4000
white-x4,1,ca,3.0,0.03325,4000
white-x4,1,go,3.0,0.033,4000
white-x4,1,os,3.0,0.0265,4000
white-x4,1,ideal,4.0,0.072,4000
white-x4,1,ca,4.0,0.0505,4000
white-x4,1,go,4.0,0.04875,4000
white-x4,1,os,4.0,0.04625,4000
white-x4,1,ideal,5.0,0.12075,4000
white-x4,1,ca,5.0,0.09175,4000
white-x4,1,go,5.0,0.087,4000
white-x4,1,os,5.0,0.081,4000
white-x4,1,ideal,6.0,0.166,4000
white-x4,1,ca,6.0,0.12775,4000
white-x4,1,go,6.0,0.1215,4000
white-x4,1,os,6.0,0.115,4000
white-x4,1,ideal,7.0,0.2135,4000
white-x4,1,ca,7.0,0.1695,4000
white-x4,1,go,7.0,0.15925,4000
white-x4,1,os,7.0,0.1505,4000
white-x4,1,ideal,8.0,0.28525,4000
white-x4,1,ca,8.0,0.23025,4000
white-x4,1,go,8.0,0.22225,4000
white-x4,1,os,8.0,0.21275,4000
white-x4,1,ideal,9.0,0.357,4000
white-x4,1,ca,9.0,0.304,4000
white-x4,1,go,9.0,0.29775,4000
white-x4,1,os,9.0,0.28375,4000
white-x4,1,ideal,10.0,0.43975,4000
white-x4,1,ca,10.0,0.38175,4000
white-x4,1,go,10.0,0.37,4000
white-x4,1,os,10.0,0.35375,4000
white-x4,1,ideal,11.0,0.49725,4000
white-x4,1,ca,11.0,0.437,4000
white-x4,1,go,11.0,0.431,4000
white-x4,1,os,11.0,0.42025,4000
white-x4,1,ideal,12.0,0.583,4000
white-x4,1,ca,12.0,0.53675,4000
white-x4,1,go,12.0,0.52825,4000
white-x4,1,os,12.0,0.51025,4000
white-x4,1,ideal,13.0,0.655,4000
white-x4,1,ca,13.0,0.607,4000
white-x4,1,go,13.0,0.597,4000
white-x4,1,os,13.0,0.58425,4000
white-x4,1,ideal,14.0,0.7065,4000
white-x4,1,ca,14.0,0.66175,4000
white-x4,1,go,14.0,0.6535,4000
white-x4,1,os,14.0,0.636,4000
white-x4,1,ideal,15.0,0.751,4000
white-x4,1,ca,15.0,0.71775,4000
white-x4,1,go,15.0,0.7115,4000
white-x4,1,os,15.0,0.702,4000
white-x4,1,ideal,16.0,0.79725,4000
white-x4,1,ca,16.0,0.766,4000
white-x4,1,go,16.0,0.75875,4000
white-x4,1,os,16.0,0.74625,4000
white-x4,1,ideal,17.0,0.83375,4000
white-x4,1,ca,17.0,0.81325,4000
white-x4,1,go,17.0,0.80625,4000
white-x4,1,os,17.0,0.79775,4000
white-x4,1,ideal,18.0,0.8595,4000
white-x4,1,ca,18.0,0.8375,4000
white-x4,1,go,18.0,0.83325,4000
white-x4,1,os,18.0,0.8275,4000
white-x4,1,ideal,19.0,0.9005,4000
white-x4,1,ca,19.0,0.8785,4000
white-x4,1,go,19.0,0.8765,4000
white-x4,1,os,19.0,0.869,4000
white-x4,1,ideal,20.0,0.90975,4000
white-x4,1,ca,20.0,0.89675,4000
white-x4,1,go,20.0,0.89225,4000
white-x4,1,os,20.0,0.88725,4000
white-x4,1,ideal,21.0,0.92175,4000
white-x4,1,ca,21.0,0.91125,4000
white-x4,1,go,21.0,0.9075,4000
white-x4,1,os,21.0,0.90625,4000
white-x4,1,ideal,22.0,0.94575,4000
white-x4,1,ca,22.0,0.933,4000
white-x4,1,go,22.0,0.93225,4000
white-x4,1,os,22.0,0.92725,4000
white-x4,1,ideal,23.0,0.9535,4000
white-x4,1,ca,23.0,0.94625,4000
white-x4,1,go,23.0,0.94175,4000
white-x4,1,os,23.0,0.94125,4000
white-x4,1,ideal,24.0,0.95725,4000
white-x4,1,ca,24.0,0.95225,4000
white-x4,1,go,24.0,0.95075,4000
white-x4,1,os,24.0,0.9475,4000
white-x1,0,ideal,0.0,0.0035,4000
white-x1,0,ca,0.0,0.0025,4000
white-x1,0,go,0.0,0.002,4000
white-x1,0,os,0.0,0.0015,4000
white-x1,0,ideal,1.0,0.007,4000
white-x1,0,ca,1.0,0.00325,4000
white-x1,0,go,1.0,0.0035,4000
white-x1,0,os,1.0,0.0035,4000
white-x1,0,ideal,2.0,0.01025,4000
white-x1,0,ca,2.0,0.00525,4000
white-x1,0,go,2.0,0.0045,4000
white-x1,0,os,2.0,0.006,4000
white-x1,0,ideal,3.0,0.02225,4000
white-x1,0,ca,3.0,0.01375,4000
white-x1,0,go,3.0,0.01275,4000
white-x1,0,os,3.0,0.011,4000
white-x1,0,ideal,4.0,0.0265,4000
white-x1,0,ca,4.0,0.0195,4000
white-x1,0,go,4.0,0.0185,4000
white-x1,0,os,4.0,0.01675,4000
white-x1,0,ideal,5.0,0.057,4000
white-x1,0,ca,5.0,0.04,4000
white-x1,0,go,5.0,0.03625,4000
white-x1,0,os,5.0,0.03575,4000
white-x1,0,ideal,6.0,0.08925,4000
white-x1,0,ca,6.0,0.05875,4000
white-x1,0,go,6.0,0.055,4000
white-x1,0,os,6.0,0.0465,4000
white-x1,0,ideal,7.0,0.168,4000
white-x1,0,ca,7.0,0.11275,4000
white-x1,0,go,7.0,0.105,4000
white-x1,0,os,7.0,0.088,4000
white-x1,0,ideal,8.0,0.27175,4000
white-x1,0,ca,8.0,0.1875,4000
white-x1,0,go,8.0,0.17975,4000
white-x1,0,os,8.0,0.1585,4000
white-x1,0,ideal,9.0,0.433,4000
white-x1,0,ca,9.0,0.315,4000
white-x1,0,go,9.0,0.29275,4000
white-x1,0,os,9.0,0.2655,4000
white-x1,0,ideal,10.0,0.622,4000
white-x1,0,ca,10.0,0.464,4000
white-x1,0,go,10.0,0.4505,4000
white-x1,0,os,10.0,0.415,4000
white-x1,0,ideal,11.0,0.80675,4000
white-x1,0,ca,11.0,0.668,4000
white-x1,0,go,11.0,0.6425,4000
white-x1,0,os,11.0,0.601,4000
white-x1,0,ideal,12.0,0.9335,4000
white-x1,0,ca,12.0,0.8475,4000
white-x1,0,go,12.0,0.82175,4000
white-x1,0,os,12.0,0.79,4000
white-x1,0,ideal,13.0,0.98025,4000
white-x1,0,ca,13.0,0.95,4000
white-x1,0,go,13.0,0.9385,4000
white-x1,0,os,13.0,0.9185,4000
white-x1,0,ideal,14.0,0.998,4000
white-x1,0,ca,14.0,0.98925,4000
white-x1,0,go,14.0,0.98475,4000
white-x1,0,os,14.0,0.97875,4000
white-x1,0,ideal,15.0,1.0,4000
white-x1,0,ca,15.0,0.99825,4000
white-x1,0,go,15.0,0.99775,4000
white-x1,0,os,15.0,0.99675,4000
white-x1,0,ideal,16.0,1.0,4000
white-x1,0,ca,16.0,1.0,4000
white-x1,0,go,16.0,0.99975,4000
white-x1,0,os,16.0,0.99975,4000
white-x1,0,ideal,17.0,1.0,4000
white-x1,0,ca,17.0,1.0,4000
white-x1,0,go,17.0,1.0,4000
white-x1,0,os,17.0,1.0,4000
white-x1,0,ideal,18.0,1.0,4000
white-x1,0,ca,18.0,1.0,4000
white-x1,0,go,18.0,1.0,4000
white-x1,0,os,18.0,1.0,4000
white-x1,0,ideal,19.0,1.0,4000
white-x1,0,ca,19.0,1.0,4000
white-x1,0,go,19.0,1.0,4000
white-x1,0,os,19.0,1.0,4000
white-x1,0,ideal,20.0,1.0,4000
white-x1,0,ca,20.0,1.0,4000
white-x1,0,go,20.0,1.0,4000
white-x1,0,os,20.0,1.0,4000
white-x1,0,ideal,21.0,1.0,4000
white-x1,0,ca,21.0,1.0,4000
white-x1,0,go,21.0,1.0,4000
white-x1,0,os,21.0,1.0,4000
white-x1,0,ideal,22.0,1.0,4000
white-x1,0,ca,22.0,1.0,4000
white-x1,0,go,22.0,1.0,4000
white-x1,0,os,22.0,1.0,4000
white-x1,0,ideal,23.0,1.0,4000
white-x1,0,ca,23.0,1.0,4000
white-x1,0,go,23.0,1.0,4000
white-x1,0,os,23.0,1.0,4000
white-x1,0,ideal,24.0,1.0,4000
white-x1,0,ca,24.0,1.0,4000
white-x1,0,go,24.0,1.0,4000
white-x1,0,os,24.0,1.0,4000
white-x1,1,ideal,0.0,0.01075,4000
white-x1,1,ca,0.0,0.008,4000
white-x1,1,go,0.0,0.007,4000
white-x1,1,os,0.0,0.00525,4000
white-x1,1,ideal,1.0,0.0225,4000
white-x1,1,ca,1.0,0.01675,4000
white-x1,1,go,1.0,0.01575,4000
white-x1,1,os,1.0,0.013,4000
white-x1,1,ideal,2.0,0.026,4000
white-x1,1,ca,2.0,0.0205,4000
white-x1,1,go,2.0,0.01875,4000
white-x1,1,os,2.0,0.01825,4000
white-x1,1,ideal,3.0,0.04475,4000
white-x1,1,ca,3.0,0.03075,4000
white-x1,1,go,3.0,0.03,4000
white-x1,1,os,3.0,0.02675,4000
white-x1,1,ideal,4.0,0.07625,4000
white-x1,1,ca,4.0,0.05425,4000
white-x1,1,go,4.0,0.05075,4000
white-x1,1,os,4.0,0.049,4000
white-x1,1,ideal,5.0,0.112,4000
white-x1,1,ca,5.0,0.084,4000
white-x1,1,go,5.0,0.0825,4000
white-x1,1,os,5.0,0.073,4000
white-x1,1,ideal,6.0,0.14725,4000
white-x1,1,ca,6.0,0.11225,4000
white-x1,1,go,6.0,0.1045,4000
white-x1,1,os,6.0,0.094,4000
white-x1,1,ideal,7.0,0.204,4000
white-x1,1,ca,7.0,0.1695,4000
white-x1,1,go,7.0,0.161,4000
white-x1,1,os,7.0,0.15175,4000
white-x1,1,ideal,8.0,0.2965,4000
white-x1,1,ca,8.0,0.24275,4000
white-x1,1,go,8.0,0.23775,4000
white-x1,1,os,8.0,0.22125,4000
white-x1,1,ideal,9.0,0.36075,4000
white-x1,1,ca,9.0,0.30075,4000
white-x1,1,go,9.0,0.292,4000
white-x1,1,os,9.0,0.2715,4000
white-x1,1,ideal,10.0,0.43275,4000
white-x1,1,ca,10.0,0.3705,4000
white-x1,1,go,10.0,0.3645,4000
white-x1,1,os,10.0,0.348,4000
white-x1,1,ideal,11.0,0.51925,4000
white-x1,1,ca,11.0,0.4615,4000
white-x1,1,go,11.0,0.44825,4000
white-x1,1,os,11.0,0.4285,4000
white-x1,1,ideal,12.0,0.5805,4000
white-x1,1,ca,12.0,0.531,4000
white-x1,1,go,12.0,0.51975,4000
white-x1,1,os,12.0,0.50475,4000
white-x1,1,ideal,13.0,0.6385,4000
white-x1,1,ca,13.0,0.58375,4000
white-x1,1,go,13.0,0.57525,4000
white-x1,1,os,13.0,0.56225,4000
white-x1,1,ideal,14.0,0.69575,4000
white-x1,1,ca,14.0,0.651,4000
white-x1,1,go,14.0,0.6445,4000
white-x1,1,os,14.0,0.63125,4000
white-x1,1,ideal,15.0,0.7365,4000
white-x1,1,ca,15.0,0.69875,4000
white-x1,1,go,15.0,0.6935,4000
white-x1,1,os,15.0,0.6805,4000
white-x1,1,ideal,16.0,0.79175,4000
white-x1,1,ca,16.0,0.7635,4000
white-x1,1,go,16.0,0.7605,4000
white-x1,1,os,16.0,0.74875,4000
white-x1,1,ideal,17.0,0.83475,4000
white-x1,1,ca,17.0,0.8035,4000
white-x1,1,go,17.0,0.7975,4000
white-x1,1,os,17.0,0.78625,4000
white-x1,1,ideal,18.0,0.8655,4000
white-x1,1,ca,18.0,0.84825,4000
white-x1,1,go,18.0,0.84325,4000
white-x1,1,os,18.0,0.8345,4000
white-x1,1,ideal,19.0,0.8995,4000
white-x1,1,ca,19.0,0.884,4000
white-x1,1,go,19.0,0.881,4000
white-x1,1,os,19.0,0.8755,4000
white-x1,1,ideal,20.0,0.908,4000
white-x1,1,ca,20.0,0.889,4000
white-x1,1,go,20.0,0.8845,4000
white-x1,1,os,20.0,0.88175,4000
white-x1,1,ideal,21.0,0.932,4000
white-x1,1,ca,21.0,0.91725,4000
white-x1,1,go,21.0,0.91525,4000
white-x1,1,os,21.0,0.9105,4000
white-x1,1,ideal,22.0,0.9395,4000
white-x1,1,ca,22.0,0.929,4000
white-x1,1,go,22.0,0.929,4000
white-x1,1,os,22.0,0.9235,4000
white-x1,1,ideal,23.0,0.953,4000
white-x1,1,ca,23.0,0.944,4000
white-x1,1,go,23.0,0.94225,4000
white-x1,1,os,23.0,0.942,4000
white-x1,1,ideal,24.0,0.96625,4000
white-x1,1,ca,24.0,0.96225,4000
white-x1,1,go,24.0,0.9605,4000
white-x1,1,os,24.0,0.959,4000
mbari-x4,0,ideal,0.0,0.007899231426131512,4684
mbari-x4,0,ca,0.0,0.0023484201537147735,4684
mbari-x4,0,go,0.0,0.0023484201537147735,4684
mbari-x4,0,os,0.0,0.0032023911187019642,4684
mbari-x4,0,ideal,1.0,0.009393680614859094,4684
mbari-x4,0,ca,1.0,0.0034158838599487617,4684
mbari-x4,0,go,1.0,0.0034158838599487617,4684
mbari-x4,0,os,1.0,0.0034158838599487617,4684
mbari-x4,0,ideal,2.0,0.01515798462852263,4684
mbari-x4,0,ca,2.0,0.008326216908625107,4684
mbari-x4,0,go,2.0,0.008326216908625107,4684
mbari-x4,0,os,2.0,0.007258753202391118,4684
mbari-x4,0,ideal,3.0,0.017292912040990607,4684
mbari-x4,0,ca,3.0,0.010247651579846286,4684
mbari-x4,0,go,3.0,0.01067463706233988,4684
mbari-x4,0,os,3.0,0.009607173356105893,4684
mbari-x4,0,ideal,4.0,0.03437233134073441,4684
mbari-x4,0,ca,4.0,0.017506404782237403,4684
mbari-x4,0,go,4.0,0.016225448334756618,4684
mbari-x4,0,os,4.0,0.013236549957301452,4684
mbari-x4,0,ideal,5.0,0.057643040136635355,4684
mbari-x4,0,ca,5.0,0.033731853116994025,4684
mbari-x4,0,go,5.0,0.033304867634500426,4684
mbari-x4,0,os,5.0,0.027540563620836893,4684
mbari-x4,0,ideal,6.0,0.10183603757472245,4684
mbari-x4,0,ca,6.0,0.06725021349274125,4684
mbari-x4,0,go,6.0,0.06383432963279248,4684
mbari-x4,0,os,6.0,0.05529461998292058,4684
mbari-x4,0,ideal,7.0,0.1522203245089667,4684
mbari-x4,0,ca,7.0,0.11379163108454313,4684
mbari-x4,0,go,7.0,0.106532877882152,4684
mbari-x4,0,os,7.0,0.09436379163108455,4684
mbari-x4,0,ideal,8.0,0.26280956447480786,4684
mbari-x4,0,ca,8.0,0.19748078565328778,4684
mbari-x4,0,go,8.0,0.18232280102476517,4684
mbari-x4,0,os,8.0,0.17207514944491886,4684
mbari-x4,0,ideal,9.0,0.43403074295473953,4684
mbari-x4,0,ca,9.0,0.34201537147736977,4684
mbari-x4,0,go,9.0,0.31981212638770284,4684
mbari-x4,0,os,9.0,0.28928266438941075,4684
mbari-x4,0,ideal,10.0,0.6285226302305722,4684
mbari-x4,0,ca,10.0,0.49829205807002563,4684
mbari-x4,0,go,10.0,0.4716054654141759,4684
mbari-x4,0,os,10.0,0.4385140905209223,4684
mbari-x4,0,ideal,11.0,0.7950469684030743,4684
mbari-x4,0,ca,11.0,0.67399658411614,4684
mbari-x4,0,go,11.0,0.6458155422715628,4684
mbari-x4,0,os,11.0,0.6157130657557643,4684
mbari-x4,0,ideal,12.0,0.9205807002561913,4684
mbari-x4,0,ca,12.0,0.8230145175064048,4684
mbari-x4,0,go,12.0,0.7929120409906063,4684
mbari-x4,0,os,12.0,0.7687873612297181,4684
mbari-x4,0,ideal,13.0,0.9797181895815542,4684
mbari-x4,0,ca,13.0,0.9216481639624253,4684
mbari-x4,0,go,13.0,0.911400512382579,4684
mbari-x4,0,os,13.0,0.8941076003415884,4684
mbari-x4,0,ideal,14.0,0.9970111016225448,4684
mbari-x4,0,ca,14.0,0.9634927412467976,4684
mbari-x4,0,go,14.0,0.9579419299743809,4684
mbari-x4,0,os,14.0,0.9540990606319385,4684
mbari-x4,0,ideal,15.0,0.9993595217762596,4684
mbari-x4,0,ca,15.0,0.9790777113578139,4684
mbari-x4,0,go,15.0,0.9765157984628523,4684
mbari-x4,0,os,15.0,0.9754483347566183,4684
mbari-x4,0,ideal,16.0,0.9997865072587532,4684
mbari-x4,0,ca,16.0,0.9882578992314262,4684
mbari-x4,0,go,16.0,0.986336464560205,4684
mbari-x4,0,os,16.0,0.9861229718189581,4684
mbari-x4,0,ideal,17.0,1.0,4684
mbari-x4,0,ca,17.0,0.9931682322801024,4684
mbari-x4,0,go,17.0,0.9931682322801024,4684
mbari-x4,0,os,17.0,0.9916737830913749,4684
mbari-x4,0,ideal,18.0,1.0,4684
mbari-x4,0,ca,18.0,0.996797608881298,4684
mbari-x4,0,go,18.0,0.996797608881298,4684
mbari-x4,0,os,18.0,0.9963706233988044,4684
mbari-x4,0,ideal,19.0,1.0,4684
mbari-x4,0,ca,19.0,0.9985055508112725,4684
mbari-x4,0,go,19.0,0.9987190435525192,4684
mbari-x4,0,os,19.0,0.9972245943637916,4684
mbari-x4,0,ideal,20.0,1.0,4684
mbari-x4,0,ca,20.0,0.9993595217762596,4684
mbari-x4,0,go,20.0,0.9993595217762596,4684
mbari-x4,0,os,20.0,0.9991460290350128,4684
mbari-x4,0,ideal,21.0,1.0,4684
mbari-x4,0,ca,21.0,1.0,4684
mbari-x4,0,go,21.0,1.0,4684
mbari-x4,0,os,21.0,0.9997865072587532,4684
mbari-x4,0,ideal,22.0,1.0,4684
mbari-x4,0,ca,22.0,1.0,4684
mbari-x4,0,go,22.0,0.9997865072587532,4684
mbari-x4,0,os,22.0,0.9997865072587532,4684
mbari-x4,0,ideal,23.0,1.0,4684
mbari-x4,0,ca,23.0,1.0,4684
mbari-x4,0,go,23.0,1.0,4684
mbari-x4,0,os,23.0,1.0,4684
mbari-x4,0,ideal,24.0,1.0,4684
mbari-x4,0,ca,24.0,1.0,4684
mbari-x4,0,go,24.0,1.0,4684
mbari-x4,0,os,24.0,1.0,4684
mbari-x4,1,ideal,0.0,0.018146883005977797,4684
mbari-x4,1,ca,0.0,0.009393680614859094,4684
mbari-x4,1,go,0.0,0.009180187873612296,4684
mbari-x4,1,os,0.0,0.007685738684884714,4684
mbari-x4,1,ideal,1.0,0.020281810418445772,4684
mbari-x4,1,ca,1.0,0.01345004269854825,4684
mbari-x4,1,go,1.0,0.011315115286080273,4684
mbari-x4,1,os,1.0,0.010461144321093083,4684
mbari-x4,1,ideal,2.0,0.035866780529461996,4684
mbari-x4,1,ca,2.0,0.02156276686592656,4684
mbari-x4,1,go,2.0,0.019214346712211786,4684
mbari-x4,1,os,2.0,0.018787361229718188,4684
mbari-x4,1,ideal,3.0,0.05486763450042698,4684
mbari-x4,1,ca,3.0,0.035866780529461996,4684
mbari-x4,1,go,3.0,0.03223740392826644,4684
mbari-x4,1,os,3.0,0.03181041844577284,4684
mbari-x4,1,ideal,4.0,0.08134073441502988,4684
mbari-x4,1,ca,4.0,0.05785653287788215,4684
mbari-x4,1,go,4.0,0.05230572160546541,4684
mbari-x4,1,os,4.0,0.04696840307429547,4684
mbari-x4,1,ideal,5.0,0.10888129803586678,4684
mbari-x4,1,ca,5.0,0.07920580700256191,4684
mbari-x4,1,go,5.0,0.07664389410760034,4684
mbari-x4,1,os,5.0,0.07280102476515798,4684
mbari-x4,1,ideal,6.0,0.15286080273270708,4684
mbari-x4,1,ca,6.0,0.1165670367207515,4684
mbari-x4,1,go,6.0,0.10973526900085397,4684
mbari-x4,1,os,6.0,0.10098206660973527,4684
mbari-x4,1,ideal,7.0,0.2134927412467976,4684
mbari-x4,1,ca,7.0,0.17271562766865928,4684
mbari-x4,1,go,7.0,0.1611870196413322,4684
mbari-x4,1,os,7.0,0.1524338172502135,4684
mbari-x4,1,ideal,8.0,0.2860802732707088,4684
mbari-x4,1,ca,8.0,0.23654995730145176,4684
mbari-x4,1,go,8.0,0.22587532023911186,4684
mbari-x4,1,os,8.0,0.2145602049530316,4684
mbari-x4,1,ideal,9.0,0.3590947907771136,4684
mbari-x4,1,ca,9.0,0.3097779675491033,4684
mbari-x4,1,go,9.0,0.2971818958155423,4684
mbari-x4,1,os,9.0,0.28842869342442357,4684
mbari-x4,1,ideal,10.0,0.4391545687446627,4684
mbari-x4,1,ca,10.0,0.3874893253629377,4684
mbari-x4,1,go,10.0,0.3729718189581554,4684
mbari-x4,1,os,10.0,0.35973526900085395,4684
mbari-x4,1,ideal,11.0,0.5085397096498719,4684
mbari-x4,1,ca,11.0,0.449402220324509,4684
mbari-x4,1,go,11.0,0.43403074295473953,4684
mbari-x4,1,os,11.0,0.42442356959863364,4684
mbari-x4,1,ideal,12.0,0.5691716481639624,4684
mbari-x4,1,ca,12.0,0.511528608027327,4684
mbari-x4,1,go,12.0,0.5006404782237404,4684
mbari-x4,1,os,12.0,0.4916737830913749,4684
mbari-x4,1,ideal,13.0,0.6490179333902647,4684
mbari-x4,1,ca,13.0,0.5964987190435526,4684
mbari-x4,1,go,13.0,0.5841161400512382,4684
mbari-x4,1,os,13.0,0.5691716481639624,4684
mbari-x4,1,ideal,14.0,0.7081554227156277,4684
mbari-x4,1,ca,14.0,0.6601195559350982,4684
mbari-x4,1,go,14.0,0.6511528608027327,4684
mbari-x4,1,os,14.0,0.6368488471391973,4684
mbari-x4,1,ideal,15.0,0.764730999146029,4684
mbari-x4,1,ca,15.0,0.7209649871904356,4684
mbari-x4,1,go,15.0,0.7087959009393681,4684
mbari-x4,1,os,15.0,0.7000426985482494,4684
mbari-x4,1,ideal,16.0,0.7894961571306576,4684
mbari-x4,1,ca,16.0,0.7491460290350128,4684
mbari-x4,1,go,16.0,0.7429547395388557,4684
mbari-x4,1,os,16.0,0.7324935952177626,4684
mbari-x4,1,ideal,17.0,0.8353970964987191,4684
mbari-x4,1,ca,17.0,0.8052946199829206,4684
mbari-x4,1,go,17.0,0.7969684030742955,4684
mbari-x4,1,os,17.0,0.7914175918018788,4684
mbari-x4,1,ideal,18.0,0.8669940222032451,4684
mbari-x4,1,ca,18.0,0.8422288642186165,4684
mbari-x4,1,go,18.0,0.8356105892399659,4684
mbari-x4,1,os,18.0,0.8307002561912895,4684
mbari-x4,1,ideal,19.0,0.898804440649018,4684
mbari-x4,1,ca,19.0,0.875533731853117,4684
mbari-x4,1,go,19.0,0.8699829205807003,4684
mbari-x4,1,os,19.0,0.8667805294619982,4684
mbari-x4,1,ideal,20.0,0.9133219470538002,4684
mbari-x4,1,ca,20.0,0.892399658411614,4684
mbari-x4,1,go,20.0,0.8885567890691717,4684
mbari-x4,1,os,20.0,0.8845004269854825,4684
mbari-x4,1,ideal,21.0,0.9306148590947908,4684
mbari-x4,1,ca,21.0,0.9133219470538002,4684
mbari-x4,1,go,21.0,0.9116140051238258,4684
mbari-x4,1,os,21.0,0.9062766865926558,4684
mbari-x4,1,ideal,22.0,0.9400085397096499,4684
mbari-x4,1,ca,22.0,0.9286934244235696,4684
mbari-x4,1,go,22.0,0.9248505550811272,4684
mbari-x4,1,os,22.0,0.9237830913748932,4684
mbari-x4,1,ideal,23.0,0.9517506404782238,4684
mbari-x4,1,ca,23.0,0.944064901793339,4684
mbari-x4,1,go,23.0,0.9410760034158838,4684
mbari-x4,1,os,23.0,0.9408625106746371,4684
mbari-x4,1,ideal,24.0,0.9639197267292912,4684
mbari-x4,1,ca,24.0,0.9570879590093937,4684
mbari-x4,1,go,24.0,0.9551665243381725,4684
mbari-x4,1,os,24.0,0.9530315969257045,4684
