case,placement,range_m,pd,false_alarms_per_ping,median_snr_db,sonar_eq_snr_db,n_pings
fresh-80k,on-bottom,5,0.02,0.53,-173.6345999858878,77.12424535525071,100
fresh-80k,on-bottom,10,0.56,0.49,5.900106727828101,68.45849677281802,100
fresh-80k,on-bottom,15,1.0,0.52,11.391178922162695,62.20308587945539,100
fresh-80k,on-bottom,20,0.99,0.49,10.93049996692033,57.48934102147004,100
fresh-80k,on-bottom,25,1.0,0.52,15.374872540988697,53.73904020625622,100
fresh-80k,on-bottom,30,0.99,0.54,9.833673736221344,50.63373207443209,100
fresh-80k,on-bottom,40,1.0,0.54,16.31630635683245,45.68183131312526,100
fresh-80k,on-bottom,50,0.92,0.49,7.7816238622937774,41.80899634855217,100
fresh-80k,on-bottom,60,1.0,0.62,12.675972243276567,38.62859502719243,100
fresh-80k,1m-above,5,0.05,0.49,-90.87762150003832,78.55720178736101,100
fresh-80k,1m-above,10,1.0,0.59,28.788870077129793,68.96108124483348,100
fresh-80k,1m-above,15,1.0,0.43,20.022022685172956,62.44471317394007,100
fresh-80k,1m-above,20,1.0,0.69,13.192951889834163,57.62934506709058,100
fresh-80k,1m-above,25,0.98,0.43,10.364694860832122,53.829953177420975,100
fresh-80k,1m-above,30,0.96,0.6,10.347037019045889,50.697398575589915,100
fresh-80k,1m-above,40,0.99,0.64,10.985749429287962,45.71798048377872,100
fresh-80k,1m-above,50,0.93,0.49,10.20929468131899,41.83225631123045,100
fresh-80k,1m-above,60,0.75,0.63,8.19139234366888,38.644808982805785,100
salt-80k,on-bottom,5,0.0,0.38,-174.04868057356128,76.76777402315795,100
salt-80k,on-bottom,10,0.51,0.67,4.2425082081007925,67.87193588788807,100
salt-80k,on-bottom,15,1.0,0.39,11.495178944477008,61.36303224608457,100
salt-80k,on-bottom,20,1.0,0.53,11.2155542225372,56.38844088238699,100
salt-80k,on-bottom,25,1.0,0.51,14.15077960991478,52.37414947817189,100
salt-80k,on-bottom,30,0.99,0.42,11.16475200136587,49.00323311488876,100
salt-80k,on-bottom,40,1.0,0.53,14.963247039066875,43.517647657737825,100
salt-80k,on-bottom,50,0.93,0.52,6.339482247427417,39.10946430989139,100
salt-80k,on-bottom,60,1.0,0.62,9.874405380202546,35.39287658183886,100
salt-80k,1m-above,5,0.03,0.41,-92.06226643876059,78.22892194074765,100
salt-80k,1m-above,10,1.0,0.6,28.132386778049593,68.39121326115804,100
salt-80k,1m-above,15,1.0,0.58,18.96783633776014,61.6162290437191,100
salt-80k,1m-above,20,1.0,0.55,12.288090979388041,56.53724756076548,100
salt-80k,1m-above,25,1.0,0.54,10.558327679213871,52.47215254894161,100
salt-80k,1m-above,30,0.97,0.4,10.559200295657021,49.07283010853155,100
salt-80k,1m-above,40,0.97,0.39,10.38604772408706,43.55826134895247,100
salt-80k,1m-above,50,0.81,0.46,8.797083623212966,39.13630210634409,100
salt-80k,1m-above,60,0.48,0.42,5.740937384442716,35.412074891562,100
salt-200k,on-bottom,5,0.04,1.14,-182.72146334953783,76.27636452174568,100
salt-200k,on-bottom,10,0.57,0.99,-3.810231371284592,67.063339049766,100
salt-200k,on-bottom,15,1.0,1.12,7.122070479886945,60.20498586207154,100
salt-200k,on-bottom,20,1.0,0.85,7.397936844819825,54.87080751401629,100
salt-200k,on-bottom,25,1.0,1.08,12.263452377205219,50.49259488517691,100
salt-200k,on-bottom,30,1.0,1.07,13.927293798046911,46.75552731465365,100
salt-200k,on-bottom,40,1.0,0.84,10.078740762386463,40.53423688858845,100
salt-200k,on-bottom,50,0.99,0.97,5.2251846689638635,35.388055114440064,100
salt-200k,on-bottom,60,0.89,0.92,3.0461368300747234,30.93231371242983,100
salt-200k,1m-above,5,0.03,1.06,-99.19583045908712,77.77637549107692,100
salt-200k,1m-above,10,1.0,0.99,19.84751379932019,67.60562823224498,100
salt-200k,1m-above,15,1.0,0.84,15.09270092046336,60.474131666716175,100
salt-200k,1m-above,20,1.0,1.1,9.209052901466166,55.031748961688265,100
salt-200k,1m-above,25,1.0,0.98,6.566894207681542,50.60037193213529,100
salt-200k,1m-above,30,1.0,0.85,6.351519100562031,46.83329972127581,100
salt-200k,1m-above,40,0.99,0.91,0.42978907468642186,40.58100509385653,100
salt-200k,1m-above,50,0.86,1.1,-1.2056476471547777,35.41982509295882,100
salt-200k,1m-above,60,0.28,1.15,-6.877585028788676,30.95562606957583,100
