config,swerling,detector,snr_db_at_pd90
mbari-x4,0,ca,12.78051948051948
mbari-x4,0,go,12.903783783783783
mbari-x4,0,ideal,11.836054421768708
mbari-x4,0,os,13.098220640569394
mbari-x4,1,ca,20.36326530612245
mbari-x4,1,go,20.496296296296297
mbari-x4,1,ideal,19.082352941176467
mbari-x4,1,os,20.711764705882356
theory,0,ideal,11.802513834191695
theory,1,ca,20.0062381472767
theory,1,go,20.139151153539274
theory,1,ideal,19.389585454581404
theory,1,os,20.352703589993506
white-x1,0,ca,12.512195121951219
white-x1,0,go,12.670235546038544
white-x1,0,ideal,11.735700197238659
white-x1,0,os,12.85603112840467
white-x1,1,ca,20.38938053097345
white-x1,1,go,20.504065040650406
white-x1,1,ideal,19.05882352941177
white-x1,1,os,20.63478260869565
white-x4,0,ca,12.644341801385682
white-x4,0,go,12.777777777777777
white-x4,0,ideal,11.851485148514852
white-x4,0,os,12.964356435643564
white-x4,1,ca,20.22413793103448
white-x4,1,go,20.508196721311478
white-x4,1,ideal,18.98780487804878
white-x4,1,os,20.67105263157895
white-x4-contig,0,ca,13.242957746478874
white-x4-contig,0,go,13.92111959287532
white-x4-contig,0,ideal,11.782857142857143
white-x4-contig,0,os,13.804532577903682
white-x4-contig,1,ca,20.44047619047619
white-x4-contig,1,go,21.05263157894737
white-x4-contig,1,ideal,19.20289855072464
white-x4-contig,1,os,20.929411764705886
