source,file,channel,window,n,si,k_nu,weibull_shape,aic_rayleigh,aic_weibull,aic_k,best,delta_aic_rayleigh
noaa,ComplexSamples-D20230724-T132531,ES18,open_water,4148,3.3108,2.6923,1.6175,5825.3781,5401.2842,5172.0423,k,653.3359
noaa,ComplexSamples-D20230724-T132531,ES200,open_water,20000,32.2931,0.7389,1.0393,51376.7793,19363.1053,18360.7398,k,33016.0394
noaa,ComplexSamples-D20230724-T132531,ES200,near_bottom,20000,34.4069,0.5964,1.0155,45292.4372,17604.0238,17367.0735,k,27925.3637
noaa,ComplexSamples-D20230724-T132531,ES200,seabed,20000,5.9809,0.6849,1.0854,44685.9367,25097.0863,24619.697,k,20066.2397
noaa,ComplexSamples-D20230724-T132531,ES38,open_water,20000,3.6547,0.6424,1.1219,42818.5954,27736.2118,27680.0784,k,15138.517
noaa,ComplexSamples-D20230724-T132531,ES38,near_bottom,4349,22.4887,0.5927,1.0328,8773.4689,3403.8678,3362.0381,k,5411.4308
noaa,ComplexSamples-D20230724-T132531,ES38,seabed,3423,3.2479,1.302,1.3865,5429.3485,4380.1734,4233.8675,k,1195.481
noaa,ComplexSamples-D20230724-T132531,ES70,open_water,20000,21.3647,0.4757,0.9665,51476.9439,22691.4839,22708.1209,weibull,28785.46
noaa,ComplexSamples-D20230724-T132531,ES70,near_bottom,17266,15.6225,0.499,0.9205,45206.8731,13616.2911,13851.2502,weibull,31590.5819
noaa,ComplexSamples-D20230724-T132531,ES70,seabed,13529,3.9803,1.0822,1.3019,25472.8543,19532.1795,18926.5717,k,6546.2826
noaa,ComplexSamples-D20230724-T132814,ES18,open_water,4332,5.2327,2.3758,1.5543,6563.5029,5878.8102,5583.9565,k,979.5464
noaa,ComplexSamples-D20230724-T132814,ES200,open_water,20000,18.0951,0.9316,1.1422,43019.6365,21315.5794,19698.6482,k,23320.9884
noaa,ComplexSamples-D20230724-T132814,ES200,near_bottom,20000,29.3227,0.603,1.0394,43427.6038,20341.8435,20119.0299,k,23308.5739
noaa,ComplexSamples-D20230724-T132814,ES200,seabed,20000,8.2742,0.714,1.1044,43837.0164,25008.4562,24466.0469,k,19370.9696
noaa,ComplexSamples-D20230724-T132814,ES38,open_water,20000,7.447,0.4994,0.9571,52076.3365,23629.8719,23698.3402,weibull,28446.4646
noaa,ComplexSamples-D20230724-T132814,ES38,near_bottom,4364,19.8005,0.5602,0.9991,9195.1559,3129.0095,3105.7682,k,6089.3877
noaa,ComplexSamples-D20230724-T132814,ES38,seabed,3420,3.389,1.3958,1.407,5036.1002,4057.2307,3893.5657,k,1142.5346
noaa,ComplexSamples-D20230724-T132814,ES70,open_water,20000,7.2774,0.7122,1.1117,43162.9296,24897.6153,24410.827,k,18752.1026
noaa,ComplexSamples-D20230724-T132814,ES70,near_bottom,16947,24.6942,0.4922,0.9088,43781.7592,10695.9537,11008.7151,weibull,33085.8056
noaa,ComplexSamples-D20230724-T132814,ES70,seabed,13529,4.7739,1.062,1.2887,25841.1479,19433.9213,18812.7597,k,7028.3882
noaa,D20230721-T220044,ES200,open_water,20000,16.0835,1.0378,1.1961,41349.0365,23971.6842,22238.7282,k,19110.3084
noaa,D20230721-T220044,ES200,near_bottom,3038,5.5984,0.5934,1.0246,6839.4324,3276.711,3244.6009,k,3594.8315
noaa,D20230721-T220044,ES200,seabed,2337,10.4874,0.5593,0.9651,6332.7804,2588.1868,2581.8545,k,3750.9259
noaa,D20230721-T220044,ES38,open_water,5281,8.0323,0.5533,0.9914,13303.4218,6160.5878,6138.8092,k,7164.6126
noaa,D20230721-T220044,ES38,near_bottom,513,4.0912,0.958,1.2978,902.8722,689.9275,682.5383,k,220.334
noaa,D20230721-T220044,ES70,open_water,20000,4.6484,0.7963,1.1776,40352.4872,26679.5953,26160.0918,k,14192.3955
noaa,D20230721-T220044,ES70,near_bottom,2031,4.3695,0.7003,1.1253,4202.9505,2609.6533,2574.7246,k,1628.226
noaa,D20230721-T220044,ES70,seabed,1558,4.4101,0.925,1.2358,3115.9866,2241.0775,2183.1793,k,932.8073
noaa,D20230722-T053934,ES18,open_water,624,1.2318,28.1617,2.1437,639.0529,635.6377,638.9396,weibull,3.4152
noaa,D20230722-T053934,ES200,open_water,20000,23.7114,1.6802,1.3866,32613.1961,23875.0104,21932.9234,k,10680.2727
noaa,D20230722-T053934,ES200,near_bottom,3036,6.7762,0.5967,1.0211,6739.7222,3024.103,2989.0125,k,3750.7097
noaa,D20230722-T053934,ES200,seabed,2337,6.6091,0.6719,1.0766,5347.3067,2934.9843,2883.1796,k,2464.1272
noaa,D20230722-T053934,ES38,open_water,8753,19.629,0.4299,0.843,28132.9979,5249.14,5719.0733,weibull,22883.858
noaa,D20230722-T053934,ES38,near_bottom,512,8.2853,0.6636,1.0714,980.9556,453.164,442.3885,k,538.5671
noaa,D20230722-T053934,ES70,open_water,20000,21.1384,0.6302,1.0175,50354.6543,20315.2884,19917.3838,k,30437.2704
noaa,D20230722-T053934,ES70,near_bottom,1997,8.4595,0.5263,0.954,4623.0335,1496.3568,1502.4966,weibull,3126.6767
noaa,D20230722-T053934,ES70,seabed,1558,8.7619,0.7362,1.0961,3633.196,2033.0805,1976.7172,k,1656.4788
noaa,D20230722-T131829,ES18,open_water,646,0.8265,99.9992,2.3143,661.8113,641.8635,664.9981,weibull,19.9478
noaa,D20230722-T131829,ES200,open_water,20000,23.6518,1.1504,1.2259,40776.323,23707.4643,21745.3295,k,19030.9935
noaa,D20230722-T131829,ES200,near_bottom,2944,9.1795,0.514,0.9396,7501.0001,2591.4368,2612.5615,weibull,4909.5633
noaa,D20230722-T131829,ES200,seabed,2336,8.4303,0.6395,1.0411,5657.5155,2849.0823,2802.698,k,2854.8175
noaa,D20230722-T131829,ES38,open_water,9586,10.0111,0.4168,0.8537,29025.6773,8496.1913,8812.7235,weibull,20529.486
noaa,D20230722-T131829,ES38,near_bottom,501,3.957,0.6478,1.0925,1019.5962,588.4961,582.4426,k,437.1536
noaa,D20230722-T131829,ES70,open_water,20000,12.2519,0.6029,1.0065,50795.9609,22204.8295,21930.7699,k,28865.191
noaa,D20230722-T131829,ES70,near_bottom,1912,10.2593,0.3999,0.8338,5807.6176,1400.6026,1478.8879,weibull,4407.015
noaa,D20230722-T131829,ES70,seabed,1557,8.0671,0.9232,1.1979,3264.8995,2133.8283,2049.7402,k,1215.1593
noaa,D20230722-T211345,ES18,open_water,644,0.9375,99.9997,2.0795,714.7556,715.182,717.2461,rayleigh,0.0
noaa,D20230722-T211345,ES200,open_water,20000,21.0734,0.9783,1.176,43107.3915,23776.7413,22213.9207,k,20893.4707
noaa,D20230722-T211345,ES200,near_bottom,3040,4.5597,0.5776,1.0384,6560.5769,3407.5783,3389.3106,k,3171.2662
noaa,D20230722-T211345,ES200,seabed,2331,6.3731,0.5994,1.0199,5721.5041,2828.3607,2799.7447,k,2921.7594
noaa,D20230722-T211345,ES38,open_water,9368,6.559,0.4735,0.9361,24853.06,10778.8,10838.5748,weibull,14074.26
noaa,D20230722-T211345,ES38,near_bottom,513,3.6665,0.5728,1.0362,976.2454,461.8317,459.0741,k,517.1713
noaa,D20230722-T211345,ES70,open_water,20000,10.0538,0.6883,1.092,45085.8583,24695.6669,24237.9047,k,20847.9536
noaa,D20230722-T211345,ES70,near_bottom,1953,23.6714,0.485,0.9012,5232.9992,1250.4336,1293.1222,weibull,3982.5656
noaa,D20230722-T211345,ES70,seabed,1558,6.3144,0.8495,1.1585,3319.6773,2058.8703,1981.2269,k,1338.4504
noaa,D20230723-T045150,ES18,open_water,558,3.1462,5.3785,1.8199,688.3155,678.7977,642.4683,k,45.8471
noaa,D20230723-T045150,ES200,open_water,20000,31.9097,1.4327,1.3107,37987.999,25228.2645,23099.9702,k,14888.0288
noaa,D20230723-T045150,ES200,near_bottom,3024,21.6995,0.6354,1.0329,7030.4983,2976.6907,2916.7779,k,4113.7203
noaa,D20230723-T045150,ES200,seabed,2337,8.418,0.6584,1.0529,5564.6928,2838.1768,2783.909,k,2780.7838
noaa,D20230723-T045150,ES38,open_water,8056,17.6142,0.4894,0.9122,23082.2745,6917.56,7054.988,weibull,16164.7145
noaa,D20230723-T045150,ES38,near_bottom,510,5.4426,0.6618,1.0883,884.876,415.5142,406.9898,k,477.8863
noaa,D20230723-T045150,ES70,open_water,20000,20.5438,0.6344,1.0276,49846.9774,21699.4296,21296.806,k,28550.1715
noaa,D20230723-T045150,ES70,near_bottom,2030,10.9791,0.5871,1.0082,4492.1863,1825.8801,1805.2388,k,2686.9475
noaa,D20230723-T045150,ES70,seabed,1555,8.1963,1.0435,1.2628,3036.7998,2159.3303,2074.8874,k,961.9124
noaa,D20230723-T123013,ES18,open_water,513,0.4569,99.9963,2.9833,469.3468,361.0651,474.1548,weibull,108.2816
noaa,D20230723-T123013,ES200,open_water,20000,11.8685,1.1175,1.2646,37226.5872,24852.5295,23460.113,k,13766.4741
noaa,D20230723-T123013,ES200,near_bottom,2957,5.4897,0.4823,0.9447,7208.0535,2965.8765,2981.0111,weibull,4242.177
noaa,D20230723-T123013,ES200,seabed,2337,7.1683,0.6397,1.0398,5609.8322,2823.6844,2776.6487,k,2833.1835
noaa,D20230723-T123013,ES38,open_water,7744,9.3049,0.4703,0.9134,21010.1727,7395.4557,7503.0788,weibull,13614.7169
noaa,D20230723-T123013,ES38,near_bottom,513,8.2302,0.7286,1.1275,887.905,460.0455,447.5039,k,440.401
noaa,D20230723-T123013,ES70,open_water,20000,5.8066,0.7271,1.1203,42981.0982,25556.9608,25033.797,k,17947.3012
noaa,D20230723-T123013,ES70,near_bottom,1873,9.0174,0.535,0.9533,4436.9144,1430.5072,1435.1516,weibull,3006.4072
noaa,D20230723-T123013,ES70,seabed,1558,5.5025,1.1139,1.299,2903.9687,2172.9025,2091.5625,k,812.4062
noaa,D20230723-T201218,ES18,open_water,570,0.6432,99.9994,2.5553,535.243,486.3488,539.3062,weibull,48.8942
noaa,D20230723-T201218,ES200,open_water,20000,16.6158,0.8859,1.1327,44295.7663,22747.3941,21337.0735,k,22958.6927
noaa,D20230723-T201218,ES200,near_bottom,3078,5.7717,0.5976,1.0432,6687.8868,3389.1988,3360.0954,k,3327.7914
noaa,D20230723-T201218,ES200,seabed,2375,4.9531,0.7358,1.1215,4961.3639,2935.9833,2868.2075,k,2093.1565
noaa,D20230723-T201218,ES38,open_water,8873,3.0602,0.7957,1.244,16537.546,12246.8768,12270.3527,weibull,4290.6691
noaa,D20230723-T201218,ES38,near_bottom,510,5.4829,0.7778,1.1859,1006.8595,671.6355,663.0771,k,343.7825
noaa,D20230723-T201218,ES70,open_water,20000,5.4066,0.9874,1.2607,37419.0187,26766.7194,25960.0043,k,11459.0145
noaa,D20230723-T201218,ES70,near_bottom,2044,35.0183,0.5519,0.9716,5188.3797,1878.2153,1873.1512,k,3315.2285
noaa,D20230723-T201218,ES70,seabed,1577,3.6551,1.1747,1.3551,2870.1482,2319.7956,2271.9096,k,598.2386
noaa,D20230726-T231007,ES18,open_water,4171,4.417,4.4089,1.7332,5386.21,5177.1462,4861.0051,k,525.2049
noaa,D20230726-T231007,ES200,open_water,20000,89.6763,1.138,1.185,44973.0343,20360.6865,18054.8555,k,26918.1788
noaa,D20230726-T231007,ES200,near_bottom,20000,151.0939,0.545,0.9435,55234.1387,9518.6897,9603.0388,weibull,45715.449
noaa,D20230726-T231007,ES200,seabed,20000,7.8576,0.5884,1.0137,49132.9088,23793.9315,23589.3348,k,25543.574
noaa,D20230726-T231007,ES38,open_water,20000,25.0732,0.3765,0.7854,72874.5331,9366.2105,11246.6222,weibull,63508.3227
noaa,D20230726-T231007,ES38,near_bottom,4917,37.7629,0.5476,0.9812,10717.4716,3067.7613,3054.0797,k,7663.3919
noaa,D20230726-T231007,ES38,seabed,3856,3.9545,1.2034,1.3415,6182.9565,4703.0884,4518.4141,k,1664.5425
noaa,D20230726-T231007,ES70,open_water,20000,25.208,0.4767,0.8858,61418.8028,14437.5129,15058.2753,weibull,46981.2899
noaa,D20230726-T231007,ES70,near_bottom,19081,37.2626,0.3803,0.7895,61516.0628,1208.944,2939.9917,weibull,60307.1189
noaa,D20230726-T231007,ES70,seabed,15252,5.1685,0.9169,1.231,30718.6259,21880.6729,21313.7624,k,9404.8635
mbari,Jan,60-120 kHz,noise,20000,1.0061,93.6589,1.9978,23902.4358,23904.3981,23905.4189,rayleigh,0.0
mbari,Apr,60-120 kHz,noise,20000,0.948,99.9996,2.0446,23324.0839,23310.3854,23338.0227,weibull,13.6985
mbari,Jul,60-120 kHz,noise,20000,0.9755,99.9996,2.0184,23600.5809,23599.8588,23609.2039,weibull,0.7221
mbari,Sep,60-120 kHz,noise,20000,4.0134,1.786,1.4888,29865.3093,25772.6901,24711.9382,k,5153.3712
