file,lat,seabed_range_m,ES18 noise dB,ES18 seabed SNR dB,ES18 seabed Sv dB,ES18 seabed sd dB,ES18 water Sv dB,ES18 near-bottom K nu,ES38 noise dB,ES38 seabed SNR dB,ES38 seabed Sv dB,ES38 seabed sd dB,ES38 water Sv dB,ES38 near-bottom K nu,ES70 noise dB,ES70 seabed SNR dB,ES70 seabed Sv dB,ES70 seabed sd dB,ES70 water Sv dB,ES70 near-bottom K nu,ES200 noise dB,ES200 seabed SNR dB,ES200 seabed Sv dB,ES200 seabed sd dB,ES200 water Sv dB,ES200 near-bottom K nu
21 Jul 22:00,41.41,26.91,-140.94,108.95,-3.96,3.96,-73.74,,-149.27,119.33,-0.67,3.5,-67.54,0.96,-143.11,109.87,-2.79,1.85,-70.2,0.7,-126.2,90.78,-2.95,2.19,-78.73,0.59
22 Jul 05:39,41.25,38.26,-121.94,89.64,-1.16,3.22,-74.75,,-131.81,107.38,7.53,2.28,-75.62,0.66,-124.57,99.22,9.11,3.57,-81.49,0.53,-123.45,88.03,0.65,1.68,-81.51,0.6
22 Jul 13:18,41.26,38.6,-140.81,108.19,-1.34,2.84,-74.48,,-148.26,118.08,4.29,3.18,-70.87,0.65,-140.34,109.34,4.94,3.8,-75.89,0.4,-123.48,84.26,-3.08,2.03,-82.49,0.51
22 Jul 21:13,41.25,38.69,-140.21,108.21,-0.32,2.02,-73.79,,-148.6,121.25,5.92,2.42,-64.08,0.57,-138.93,110.3,4.67,3.23,-70.12,0.48,-128.2,88.73,-3.26,1.52,-77.81,0.58
23 Jul 04:51,41.12,35.62,-127.26,93.5,-1.85,2.19,-73.41,,-137.21,110.12,5.01,2.78,-74.27,0.66,-128.08,101.04,7.24,3.06,-79.67,0.59,-126.34,92.65,2.03,2.14,-81.47,0.64
23 Jul 12:30,41.17,33.08,-141.13,108.45,-2.18,4.22,-74.26,,-148.37,123.18,5.44,2.39,-68.93,0.73,-140.12,114.5,7.44,2.39,-71.87,0.53,-124.28,95.59,4.73,1.48,-79.01,0.48
23 Jul 20:12,41.12,35.62,-136.42,101.81,-2.91,2.97,-73.27,,-146.27,117.74,4.06,2.9,-61.46,0.78,-135.47,105.87,3.83,2.14,-70.83,0.55,-126.39,92.44,1.58,1.48,-78.24,0.6
26 Jul 23:10,41.09,30.82,,,-2.56,2.75,-73.22,,,,3.84,2.99,-73.78,0.55,,,4.43,2.97,-78.69,0.38,,,1.74,2.31,-82.37,0.54
BB 24 Jul 13:25,41.16,33.1,,,-2.35,2.88,-72.59,,,,3.93,2.64,-62.36,0.59,,,5.65,2.1,-52.19,0.5,,,3.68,1.82,-76.3,0.6
BB 24 Jul 13:28,41.17,33.49,,,-2.51,2.85,-73.49,,,,4.09,2.47,-65.72,0.56,,,6.34,2.33,-72.79,0.49,,,4.29,2.23,-79.44,0.6
