split,fold,lower,upper,diff_recall,lo,hi,upper_better
cross-session,pooled,R2,R3a,-0.0439,-0.1715,0.0936,False
cross-session,pooled,R1,R3a,0.2385,0.1088,0.3597,True
cross-session,pooled,R2,R3b,0.1980,0.0570,0.3250,True
cross-session,pooled,R1,R3b,0.4805,0.3255,0.6264,True
cross-session,pooled,R2,R4a,-0.0704,-0.1919,0.0216,False
cross-session,pooled,R1,R4a,0.2120,0.0698,0.3305,True
cross-session,pooled,R2,R4b,0.0600,-0.0934,0.2025,False
cross-session,pooled,R1,R4b,0.3424,0.1719,0.5041,True
cross-frequency,720k->1200k,R2,R3a,0.1125,0.0265,0.2894,True
cross-frequency,720k->1200k,R1,R3a,0.0000,-0.2162,0.2150,False
cross-frequency,720k->1200k,R2,R3b,0.4823,0.3572,0.6882,True
cross-frequency,720k->1200k,R1,R3b,0.3698,0.2295,0.5372,True
cross-frequency,720k->1200k,R2,R4a,-0.0236,-0.0633,0.0047,False
cross-frequency,720k->1200k,R1,R4a,-0.1361,-0.2957,-0.0384,False
cross-frequency,720k->1200k,R2,R4b,0.1426,0.0609,0.2587,True
cross-frequency,720k->1200k,R1,R4b,0.0300,-0.1082,0.1389,False
cross-frequency,1200k->720k,R2,R3a,0.1557,-0.1203,0.5374,False
cross-frequency,1200k->720k,R1,R3a,0.3214,0.0000,0.7120,False
cross-frequency,1200k->720k,R2,R3b,0.0998,-0.0880,0.2519,False
cross-frequency,1200k->720k,R1,R3b,0.2655,0.0000,0.3868,False
cross-frequency,1200k->720k,R2,R4a,-0.2136,-0.3078,-0.0868,False
cross-frequency,1200k->720k,R1,R4a,-0.0479,-0.1818,0.0000,False
cross-frequency,1200k->720k,R2,R4b,-0.0679,-0.2545,0.0837,False
cross-frequency,1200k->720k,R1,R4b,0.0978,-0.1000,0.2141,False
