split,fold,rung,frames,bodies,negatives,clusters,recall_at_op,recall_lo,recall_hi,pr_auc,recall_transfer,fapf_transfer,f1_transfer,ece
cross-session,pooled,R3a,6411,1434,115234,151,0.3682,0.2866,0.4671,0.5018,0.4149,0.0722,0.4775,
cross-session,pooled,R3b,6411,1434,115234,151,0.6102,0.4469,0.8287,0.7041,0.6736,0.0948,0.6423,
cross-session,pooled,R4a,6411,1434,115234,151,0.3417,0.1818,0.5043,0.4495,0.3598,0.0624,0.4391,
cross-session,pooled,R4b,6411,1434,115234,151,0.4721,0.2633,0.6960,0.5869,0.5070,0.0747,0.5508,
cross-frequency,720k->1200k,R3a,4663,933,85895,147,0.1919,0.1046,0.3756,0.2423,0.3580,0.1450,0.3438,
cross-frequency,720k->1200k,R3b,4663,933,85895,147,0.5616,0.4461,0.7724,0.7028,0.8982,0.3101,0.5210,
cross-frequency,720k->1200k,R4a,4663,933,85895,147,0.0557,0.0396,0.0736,0.0873,0.2047,0.2213,0.1772,
cross-frequency,720k->1200k,R4b,4663,933,85895,147,0.2219,0.1544,0.3300,0.3715,0.6795,0.2719,0.4473,
cross-frequency,1200k->720k,R3a,2286,501,38013,43,0.3693,0.1108,0.7350,0.4613,0.2375,0.0306,0.3449,
cross-frequency,1200k->720k,R3b,2286,501,38013,43,0.3134,0.0000,0.4575,0.3544,0.1936,0.0201,0.3012,
cross-frequency,1200k->720k,R4a,2286,501,38013,43,0.0000,0.0000,0.0658,0.0912,0.0080,0.0704,0.0120,
cross-frequency,1200k->720k,R4b,2286,501,38013,43,0.1457,0.0000,0.2306,0.1518,0.0160,0.0013,0.0312,
