rung,seam_in_snippet,bodies,recall,negatives,fa_rate_per_candidate,share_of_negatives_with_seam,share_of_body_candidates_with_seam
R2,True,20,0.2500,23015,0.0002,0.1997,0.0154
R2,False,1414,0.4144,92219,0.0034,0.1997,0.0154
R3a,True,18,0.3889,23015,0.0005,0.1997,0.0154
R3a,False,1416,0.3679,92219,0.0033,0.1997,0.0154
R3b,True,13,0.1538,23015,0.0001,0.1997,0.0154
R3b,False,1421,0.6144,92219,0.0034,0.1997,0.0154
R4a,True,13,0.1538,23015,0.0014,0.1997,0.0154
R4a,False,1421,0.3434,92219,0.0031,0.1997,0.0154
R4b,True,11,0.0909,23015,0.0006,0.1997,0.0154
R4b,False,1423,0.4751,92219,0.0033,0.1997,0.0154
