site,date,run,freq_khz,side,leg,range_m,along_m,file,label,deployment,session,used_in_paper,leg_id
bathampton_canal,5_oct_2017,run1,990,port,5,15.0,19.51,990_port_cond_5-15_00x19_51m.png,target,alt,bathampton_canal/5_oct_2017/run1,True,L000
bathampton_canal,5_oct_2017,run1,990,port,9,15.0,8.95,990_port_cond_9-15_00x8_95m.png,target,alt,bathampton_canal/5_oct_2017/run1,True,L001
bathampton_canal,5_oct_2017,run1,990,port,12,15.0,18.71,990_port_cond_12-15_00x18_71m.png,target,alt,bathampton_canal/5_oct_2017/run1,True,L002
bathampton_canal,5_oct_2017,run1,990,port,14,15.0,18.96,990_port_cond_14-15_00x18_96m.png,target,alt,bathampton_canal/5_oct_2017/run1,True,L003
bathampton_canal,5_oct_2017,run1,990,port,19,15.0,11.14,990_port_cond_19-15_00x11_14m.png,target,alt,bathampton_canal/5_oct_2017/run1,True,L004
bathampton_canal,5_oct_2017,run1,990,port,23,15.0,18.21,990_port_cond_23-15_00x18_21m.png,target,alt,bathampton_canal/5_oct_2017/run1,True,L005
bathampton_canal,5_oct_2017,run1,990,stbd,1,15.0,18.92,990_stbd_cond_1-15_00x18_92m.png,target,alt,bathampton_canal/5_oct_2017/run1,True,L006
bathampton_canal,5_oct_2017,run1,990,stbd,4,15.0,19.58,990_stbd_cond_4-15_00x19_58m.png,target,alt,bathampton_canal/5_oct_2017/run1,True,L007
bathampton_canal,5_oct_2017,run1,990,stbd,6,15.0,19.25,990_stbd_cond_6-15_00x19_25m.png,target,alt,bathampton_canal/5_oct_2017/run1,True,L008
bathampton_canal,5_oct_2017,run1,990,stbd,10,15.0,9.57,990_stbd_cond_10-15_00x9_57m.png,target,alt,bathampton_canal/5_oct_2017/run1,True,L009
bathampton_canal,5_oct_2017,run1,990,stbd,11,15.0,18.35,990_stbd_cond_11-15_00x18_35m.png,target,alt,bathampton_canal/5_oct_2017/run1,True,L010
bathampton_canal,5_oct_2017,run1,990,stbd,13,15.0,19.02,990_stbd_cond_13-15_00x19_02m.png,target,alt,bathampton_canal/5_oct_2017/run1,True,L011
bathampton_canal,5_oct_2017,run1,990,stbd,20,15.0,14.08,990_stbd_cond_20-15_00x14_08m.png,target,alt,bathampton_canal/5_oct_2017/run1,True,L012
bathampton_canal,5_oct_2017,run1,990,stbd,22,15.0,16.8,990_stbd_cond_22-15_00x16_80m.png,target,alt,bathampton_canal/5_oct_2017/run1,True,L013
bathampton_canal,5_oct_2017,run1,990,port,3,15.0,18.93,990_port_cond_3-15_00x18_93m.png,target,main,bathampton_canal/5_oct_2017/run1,True,L014
bathampton_canal,5_oct_2017,run1,990,port,4,15.0,19.36,990_port_cond_4-15_00x19_36m.png,target,main,bathampton_canal/5_oct_2017/run1,True,L015
bathampton_canal,5_oct_2017,run1,990,port,6,15.0,17.47,990_port_cond_6-15_00x17_47m.png,target,main,bathampton_canal/5_oct_2017/run1,True,L016
bathampton_canal,5_oct_2017,run1,990,port,9,15.0,18.02,990_port_cond_9-15_00x18_02m.png,target,main,bathampton_canal/5_oct_2017/run1,True,L017
bathampton_canal,5_oct_2017,run1,990,port,12,15.0,18.8,990_port_cond_12-15_00x18_80m.png,target,main,bathampton_canal/5_oct_2017/run1,True,L018
bathampton_canal,5_oct_2017,run1,990,port,18,15.0,14.08,990_port_cond_18-15_00x14_08m.png,target,main,bathampton_canal/5_oct_2017/run1,True,L019
bathampton_canal,5_oct_2017,run1,990,port,19,15.0,36.5,990_port_cond_19-15_00x36_50m.png,target,main,bathampton_canal/5_oct_2017/run1,True,L020
bathampton_canal,5_oct_2017,run1,990,port,20,15.0,18.25,990_port_cond_20-15_00x18_25m.png,target,main,bathampton_canal/5_oct_2017/run1,True,L021
bathampton_canal,5_oct_2017,run1,990,port,22,15.0,13.41,990_port_cond_22-15_00x13_41m.png,target,main,bathampton_canal/5_oct_2017/run1,True,L022
bathampton_canal,5_oct_2017,run1,990,port,39,15.0,9.85,990_port_cond_39-15_00x9_85m.png,target,main,bathampton_canal/5_oct_2017/run1,True,L023
bathampton_canal,5_oct_2017,run1,990,port,41,15.0,12.22,990_port_cond_41-15_00x12_22m.png,target,main,bathampton_canal/5_oct_2017/run1,True,L024
bathampton_canal,5_oct_2017,run1,990,port,43,15.0,11.04,990_port_cond_43-15_00x11_04m.png,target,main,bathampton_canal/5_oct_2017/run1,True,L025
bathampton_canal,5_oct_2017,run1,990,port,46,15.0,11.61,990_port_cond_46-15_00x11_61m.png,target,main,bathampton_canal/5_oct_2017/run1,True,L026
bathampton_canal,5_oct_2017,run1,990,stbd,2,15.0,19.47,990_stbd_cond_2-15_00x19_47m.png,target,main,bathampton_canal/5_oct_2017/run1,True,L027
bathampton_canal,5_oct_2017,run1,990,stbd,5,15.0,20.48,990_stbd_cond_5-15_00x20_48m.png,target,main,bathampton_canal/5_oct_2017/run1,True,L028
bathampton_canal,5_oct_2017,run1,990,stbd,13,15.0,19.01,990_stbd_cond_13-15_00x19_01m.png,target,main,bathampton_canal/5_oct_2017/run1,True,L029
bathampton_canal,5_oct_2017,run1,990,stbd,14,15.0,13.37,990_stbd_cond_14-15_00x13_37m.png,target,main,bathampton_canal/5_oct_2017/run1,True,L030
bathampton_canal,5_oct_2017,run1,990,stbd,26,15.0,11.76,990_stbd_cond_26-15_00x11_76m.png,target,main,bathampton_canal/5_oct_2017/run1,True,L031
bathampton_canal,5_oct_2017,run1,990,stbd,40,15.0,11.38,990_stbd_cond_40-15_00x11_38m.png,target,main,bathampton_canal/5_oct_2017/run1,True,L032
bathampton_canal,5_oct_2017,run1,990,stbd,47,15.0,9.13,990_stbd_cond_47-15_00x9_13m.png,target,main,bathampton_canal/5_oct_2017/run1,True,L033
bathampton_canal,5_oct_2017,run1,990,stbd,50,15.0,10.11,990_stbd_cond_50-15_00x10_11m.png,target,main,bathampton_canal/5_oct_2017/run1,True,L034
bathampton_canal,5_oct_2017,run1,990,stbd,55,15.0,9.12,990_stbd_cond_55-15_00x9_12m.png,target,main,bathampton_canal/5_oct_2017/run1,True,L035
underfall_yard,2_oct_2019,run1,990,port,2,15.0,14.18,990_port_cond_2-15_00x14_18m.png,target,main,underfall_yard/2_oct_2019/run1,True,L036
underfall_yard,2_oct_2019,run1,990,port,4,15.0,12.58,990_port_cond_4-15_00x12_58m.png,target,main,underfall_yard/2_oct_2019/run1,True,L037
underfall_yard,2_oct_2019,run1,990,port,6,15.0,13.87,990_port_cond_6-15_00x13_87m.png,target,main,underfall_yard/2_oct_2019/run1,True,L038
underfall_yard,2_oct_2019,run1,990,port,12,15.0,11.74,990_port_cond_12-15_00x11_74m.png,target,main,underfall_yard/2_oct_2019/run1,True,L039
underfall_yard,2_oct_2019,run1,990,port,15,15.0,11.68,990_port_cond_15-15_00x11_68m.png,target,main,underfall_yard/2_oct_2019/run1,True,L040
underfall_yard,2_oct_2019,run1,990,stbd,3,15.0,14.04,990_stbd_cond_3-15_00x14_04m.png,target,main,underfall_yard/2_oct_2019/run1,True,L041
underfall_yard,2_oct_2019,run1,990,stbd,7,15.0,14.0,990_stbd_cond_7-15_00x14_00m.png,target,main,underfall_yard/2_oct_2019/run1,True,L042
underfall_yard,2_oct_2019,run1,990,stbd,8,15.0,13.55,990_stbd_cond_8-15_00x13_55m.png,target,main,underfall_yard/2_oct_2019/run1,True,L043
underfall_yard,2_oct_2019,run1,990,stbd,9,15.0,14.03,990_stbd_cond_9-15_00x14_03m.png,target,main,underfall_yard/2_oct_2019/run1,True,L044
underfall_yard,2_oct_2019,run1,990,stbd,10,15.0,13.35,990_stbd_cond_10-15_00x13_35m.png,target,main,underfall_yard/2_oct_2019/run1,True,L045
underfall_yard,2_oct_2019,run1,990,stbd,11,15.0,11.19,990_stbd_cond_11-15_00x11_19m.png,target,main,underfall_yard/2_oct_2019/run1,True,L046
underfall_yard,2_oct_2019,run1,990,stbd,13,15.0,11.73,990_stbd_cond_13-15_00x11_73m.png,target,main,underfall_yard/2_oct_2019/run1,True,L047
underfall_yard,2_oct_2019,run1,990,stbd,16,15.0,11.33,990_stbd_cond_16-15_00x11_33m.png,target,main,underfall_yard/2_oct_2019/run1,True,L048
underfall_yard,2_oct_2019,run2,990,port,1,14.0,12.61,990_port_cond_1-14_00x12_61m.png,target,main,underfall_yard/2_oct_2019/run2,True,L049
underfall_yard,2_oct_2019,run2,990,port,3,14.0,13.91,990_port_cond_3-14_00x13_91m.png,target,main,underfall_yard/2_oct_2019/run2,True,L050
underfall_yard,2_oct_2019,run2,990,port,4,14.0,13.52,990_port_cond_4-14_00x13_52m.png,target,main,underfall_yard/2_oct_2019/run2,True,L051
underfall_yard,2_oct_2019,run2,990,port,5,14.0,13.66,990_port_cond_5-14_00x13_66m.png,target,main,underfall_yard/2_oct_2019/run2,True,L052
underfall_yard,2_oct_2019,run2,990,port,6,14.0,5.63,990_port_cond_6-14_00x5_63m.png,target,main,underfall_yard/2_oct_2019/run2,True,L053
underfall_yard,2_oct_2019,run2,990,port,7,14.0,14.16,990_port_cond_7-14_00x14_16m.png,target,main,underfall_yard/2_oct_2019/run2,True,L054
underfall_yard,2_oct_2019,run2,990,port,9,14.0,12.72,990_port_cond_9-14_00x12_72m.png,target,main,underfall_yard/2_oct_2019/run2,True,L055
underfall_yard,2_oct_2019,run2,990,port,11,14.0,14.08,990_port_cond_11-14_00x14_08m.png,target,main,underfall_yard/2_oct_2019/run2,True,L056
underfall_yard,2_oct_2019,run2,990,port,17,14.0,11.79,990_port_cond_17-14_00x11_79m.png,target,main,underfall_yard/2_oct_2019/run2,True,L057
underfall_yard,2_oct_2019,run2,990,port,20,14.0,11.72,990_port_cond_20-14_00x11_72m.png,target,main,underfall_yard/2_oct_2019/run2,True,L058
underfall_yard,2_oct_2019,run2,990,port,22,14.0,12.06,990_port_cond_22-14_00x12_06m.png,target,main,underfall_yard/2_oct_2019/run2,True,L059
underfall_yard,2_oct_2019,run2,990,port,24,14.0,11.87,990_port_cond_24-14_00x11_87m.png,target,main,underfall_yard/2_oct_2019/run2,True,L060
underfall_yard,2_oct_2019,run2,990,port,26,14.0,11.48,990_port_cond_26-14_00x11_48m.png,target,main,underfall_yard/2_oct_2019/run2,True,L061
underfall_yard,2_oct_2019,run2,990,port,32,14.0,13.84,990_port_cond_32-14_00x13_84m.png,target,main,underfall_yard/2_oct_2019/run2,True,L062
underfall_yard,2_oct_2019,run2,990,port,35,14.0,17.59,990_port_cond_35-14_00x17_59m.png,target,main,underfall_yard/2_oct_2019/run2,True,L063
underfall_yard,2_oct_2019,run2,990,stbd,8,14.0,14.07,990_stbd_cond_8-14_00x14_07m.png,target,main,underfall_yard/2_oct_2019/run2,True,L064
underfall_yard,2_oct_2019,run2,990,stbd,12,14.0,14.04,990_stbd_cond_12-14_00x14_04m.png,target,main,underfall_yard/2_oct_2019/run2,True,L065
underfall_yard,2_oct_2019,run2,990,stbd,14,14.0,13.33,990_stbd_cond_14-14_00x13_33m.png,target,main,underfall_yard/2_oct_2019/run2,True,L066
underfall_yard,2_oct_2019,run2,990,stbd,15,14.0,13.3,990_stbd_cond_15-14_00x13_30m.png,target,main,underfall_yard/2_oct_2019/run2,True,L067
underfall_yard,2_oct_2019,run2,990,stbd,18,14.0,11.28,990_stbd_cond_18-14_00x11_28m.png,target,main,underfall_yard/2_oct_2019/run2,True,L068
underfall_yard,2_oct_2019,run2,990,stbd,21,14.0,11.36,990_stbd_cond_21-14_00x11_36m.png,target,main,underfall_yard/2_oct_2019/run2,True,L069
underfall_yard,2_oct_2019,run2,990,stbd,27,14.0,11.32,990_stbd_cond_27-14_00x11_32m.png,target,main,underfall_yard/2_oct_2019/run2,True,L070
underfall_yard,2_oct_2019,run2,990,stbd,31,14.0,13.87,990_stbd_cond_31-14_00x13_87m.png,target,main,underfall_yard/2_oct_2019/run2,True,L071
underfall_yard,2_oct_2019,run2,990,stbd,34,14.0,14.24,990_stbd_cond_34-14_00x14_24m.png,target,main,underfall_yard/2_oct_2019/run2,True,L072
bathampton_canal,5_oct_2017,run1,990,port,1,15.0,2.68,990_port_cond_1-15_00x2_68m.png,unlisted,main,bathampton_canal/5_oct_2017/run1,True,L073
bathampton_canal,5_oct_2017,run1,990,port,2,15.0,17.67,990_port_cond_2-15_00x17_67m.png,unlisted,main,bathampton_canal/5_oct_2017/run1,True,L074
bathampton_canal,5_oct_2017,run1,990,port,3,15.0,17.52,990_port_cond_3-15_00x17_52m.png,unlisted,main,bathampton_canal/5_oct_2017/run1,True,L075
bathampton_canal,5_oct_2017,run1,990,port,4,15.0,17.57,990_port_cond_4-15_00x17_57m.png,unlisted,main,bathampton_canal/5_oct_2017/run1,True,L076
bathampton_canal,5_oct_2017,run1,990,port,5,15.0,17.58,990_port_cond_5-15_00x17_58m.png,unlisted,main,bathampton_canal/5_oct_2017/run1,True,L077
bathampton_canal,5_oct_2017,run1,990,port,6,15.0,18.38,990_port_cond_6-15_00x18_38m.png,unlisted,main,bathampton_canal/5_oct_2017/run1,True,L078
bathampton_canal,5_oct_2017,run1,990,port,7,15.0,17.71,990_port_cond_7-15_00x17_71m.png,unlisted,main,bathampton_canal/5_oct_2017/run1,True,L079
bathampton_canal,5_oct_2017,run1,990,port,8,15.0,16.19,990_port_cond_8-15_00x16_19m.png,unlisted,main,bathampton_canal/5_oct_2017/run1,True,L080
bathampton_canal,5_oct_2017,run1,990,port,9,15.0,7.18,990_port_cond_9-15_00x7_18m.png,unlisted,main,bathampton_canal/5_oct_2017/run1,True,L081
bathampton_canal,5_oct_2017,run1,990,port,10,15.0,8.21,990_port_cond_10-15_00x8_21m.png,unlisted,main,bathampton_canal/5_oct_2017/run1,True,L082
bathampton_canal,5_oct_2017,run1,990,port,11,15.0,16.59,990_port_cond_11-15_00x16_59m.png,unlisted,main,bathampton_canal/5_oct_2017/run1,True,L083
bathampton_canal,5_oct_2017,run1,990,port,12,15.0,17.31,990_port_cond_12-15_00x17_31m.png,unlisted,main,bathampton_canal/5_oct_2017/run1,True,L084
bathampton_canal,5_oct_2017,run1,990,port,13,15.0,17.19,990_port_cond_13-15_00x17_19m.png,unlisted,main,bathampton_canal/5_oct_2017/run1,True,L085
bathampton_canal,5_oct_2017,run1,990,port,14,15.0,18.05,990_port_cond_14-15_00x18_05m.png,unlisted,main,bathampton_canal/5_oct_2017/run1,True,L086
bathampton_canal,5_oct_2017,run1,990,port,15,15.0,17.25,990_port_cond_15-15_00x17_25m.png,unlisted,main,bathampton_canal/5_oct_2017/run1,True,L087
bathampton_canal,5_oct_2017,run1,990,port,16,15.0,11.8,990_port_cond_16-15_00x11_80m.png,unlisted,main,bathampton_canal/5_oct_2017/run1,True,L088
bathampton_canal,5_oct_2017,run1,990,port,17,15.0,2.37,990_port_cond_17-15_00x2_37m.png,unlisted,main,bathampton_canal/5_oct_2017/run1,True,L089
bathampton_canal,5_oct_2017,run1,990,port,18,15.0,5.42,990_port_cond_18-15_00x5_42m.png,unlisted,main,bathampton_canal/5_oct_2017/run1,True,L090
bathampton_canal,5_oct_2017,run1,990,port,19,15.0,9.82,990_port_cond_19-15_00x9_82m.png,unlisted,main,bathampton_canal/5_oct_2017/run1,True,L091
bathampton_canal,5_oct_2017,run1,990,port,20,15.0,12.41,990_port_cond_20-15_00x12_41m.png,unlisted,main,bathampton_canal/5_oct_2017/run1,True,L092
bathampton_canal,5_oct_2017,run1,990,port,21,15.0,16.31,990_port_cond_21-15_00x16_31m.png,unlisted,main,bathampton_canal/5_oct_2017/run1,True,L093
bathampton_canal,5_oct_2017,run1,990,port,22,15.0,15.22,990_port_cond_22-15_00x15_22m.png,unlisted,main,bathampton_canal/5_oct_2017/run1,True,L094
bathampton_canal,5_oct_2017,run1,990,port,23,15.0,17.23,990_port_cond_23-15_00x17_23m.png,unlisted,main,bathampton_canal/5_oct_2017/run1,True,L095
bathampton_canal,5_oct_2017,run1,990,port,24,15.0,14.0,990_port_cond_24-15_00x14_00m.png,unlisted,main,bathampton_canal/5_oct_2017/run1,True,L096
bathampton_canal,5_oct_2017,run1,990,port,25,15.0,12.39,990_port_cond_25-15_00x12_39m.png,unlisted,main,bathampton_canal/5_oct_2017/run1,True,L097
bathampton_canal,5_oct_2017,run1,990,port,26,15.0,6.51,990_port_cond_26-15_00x6_51m.png,unlisted,main,bathampton_canal/5_oct_2017/run1,True,L098
bathampton_canal,5_oct_2017,run1,990,port,27,15.0,6.9,990_port_cond_27-15_00x6_90m.png,unlisted,main,bathampton_canal/5_oct_2017/run1,True,L099
bathampton_canal,5_oct_2017,run1,990,port,28,15.0,8.77,990_port_cond_28-15_00x8_77m.png,unlisted,main,bathampton_canal/5_oct_2017/run1,True,L100
bathampton_canal,5_oct_2017,run1,990,port,29,15.0,10.65,990_port_cond_29-15_00x10_65m.png,unlisted,main,bathampton_canal/5_oct_2017/run1,True,L101
bathampton_canal,5_oct_2017,run1,990,port,30,15.0,10.07,990_port_cond_30-15_00x10_07m.png,unlisted,main,bathampton_canal/5_oct_2017/run1,True,L102
bathampton_canal,5_oct_2017,run1,990,port,31,15.0,10.98,990_port_cond_31-15_00x10_98m.png,unlisted,main,bathampton_canal/5_oct_2017/run1,True,L103
bathampton_canal,5_oct_2017,run1,990,port,32,15.0,10.28,990_port_cond_32-15_00x10_28m.png,unlisted,main,bathampton_canal/5_oct_2017/run1,True,L104
bathampton_canal,5_oct_2017,run1,990,port,33,15.0,10.13,990_port_cond_33-15_00x10_13m.png,unlisted,main,bathampton_canal/5_oct_2017/run1,True,L105
bathampton_canal,5_oct_2017,run1,990,port,34,15.0,8.38,990_port_cond_34-15_00x8_38m.png,unlisted,main,bathampton_canal/5_oct_2017/run1,True,L106
bathampton_canal,5_oct_2017,run1,990,port,35,15.0,7.56,990_port_cond_35-15_00x7_56m.png,unlisted,main,bathampton_canal/5_oct_2017/run1,True,L107
bathampton_canal,5_oct_2017,run1,990,port,36,15.0,5.35,990_port_cond_36-15_00x5_35m.png,unlisted,main,bathampton_canal/5_oct_2017/run1,True,L108
bathampton_canal,5_oct_2017,run1,990,port,37,15.0,8.38,990_port_cond_37-15_00x8_38m.png,unlisted,main,bathampton_canal/5_oct_2017/run1,True,L109
bathampton_canal,5_oct_2017,run1,990,port,38,15.0,3.85,990_port_cond_38-15_00x3_85m.png,unlisted,main,bathampton_canal/5_oct_2017/run1,True,L110
bathampton_canal,5_oct_2017,run1,990,port,39,15.0,4.07,990_port_cond_39-15_00x4_07m.png,unlisted,main,bathampton_canal/5_oct_2017/run1,True,L111
bathampton_canal,5_oct_2017,run1,990,port,40,15.0,5.65,990_port_cond_40-15_00x5_65m.png,unlisted,main,bathampton_canal/5_oct_2017/run1,True,L112
bathampton_canal,5_oct_2017,run1,990,port,41,15.0,6.45,990_port_cond_41-15_00x6_45m.png,unlisted,main,bathampton_canal/5_oct_2017/run1,True,L113
bathampton_canal,5_oct_2017,run1,990,port,42,15.0,7.6,990_port_cond_42-15_00x7_60m.png,unlisted,main,bathampton_canal/5_oct_2017/run1,True,L114
bathampton_canal,5_oct_2017,run1,990,port,43,15.0,8.34,990_port_cond_43-15_00x8_34m.png,unlisted,main,bathampton_canal/5_oct_2017/run1,True,L115
bathampton_canal,5_oct_2017,run1,990,port,44,15.0,9.63,990_port_cond_44-15_00x9_63m.png,unlisted,main,bathampton_canal/5_oct_2017/run1,True,L116
bathampton_canal,5_oct_2017,run1,990,port,45,15.0,9.3,990_port_cond_45-15_00x9_30m.png,unlisted,main,bathampton_canal/5_oct_2017/run1,True,L117
bathampton_canal,5_oct_2017,run1,990,port,46,15.0,10.59,990_port_cond_46-15_00x10_59m.png,unlisted,main,bathampton_canal/5_oct_2017/run1,True,L118
bathampton_canal,5_oct_2017,run1,990,port,47,15.0,2.14,990_port_cond_47-15_00x2_14m.png,unlisted,main,bathampton_canal/5_oct_2017/run1,True,L119
bathampton_canal,5_oct_2017,run1,990,port,48,15.0,6.03,990_port_cond_48-15_00x6_03m.png,unlisted,main,bathampton_canal/5_oct_2017/run1,True,L120
bathampton_canal,5_oct_2017,run1,990,port,49,15.0,7.68,990_port_cond_49-15_00x7_68m.png,unlisted,main,bathampton_canal/5_oct_2017/run1,True,L121
bathampton_canal,5_oct_2017,run1,990,port,50,15.0,8.26,990_port_cond_50-15_00x8_26m.png,unlisted,main,bathampton_canal/5_oct_2017/run1,True,L122
bathampton_canal,5_oct_2017,run1,990,port,51,15.0,9.49,990_port_cond_51-15_00x9_49m.png,unlisted,main,bathampton_canal/5_oct_2017/run1,True,L123
bathampton_canal,5_oct_2017,run1,990,port,52,15.0,10.43,990_port_cond_52-15_00x10_43m.png,unlisted,main,bathampton_canal/5_oct_2017/run1,True,L124
bathampton_canal,5_oct_2017,run1,990,port,53,15.0,11.84,990_port_cond_53-15_00x11_84m.png,unlisted,main,bathampton_canal/5_oct_2017/run1,True,L125
bathampton_canal,5_oct_2017,run1,990,port,54,15.0,9.89,990_port_cond_54-15_00x9_89m.png,unlisted,main,bathampton_canal/5_oct_2017/run1,True,L126
bathampton_canal,5_oct_2017,run1,990,port,55,15.0,7.54,990_port_cond_55-15_00x7_54m.png,unlisted,main,bathampton_canal/5_oct_2017/run1,True,L127
bathampton_canal,5_oct_2017,run1,990,port,56,15.0,7.49,990_port_cond_56-15_00x7_49m.png,unlisted,main,bathampton_canal/5_oct_2017/run1,True,L128
bathampton_canal,5_oct_2017,run1,990,port,57,15.0,2.64,990_port_cond_57-15_00x2_64m.png,unlisted,main,bathampton_canal/5_oct_2017/run1,True,L129
bathampton_canal,5_oct_2017,run1,990,port,58,15.0,6.43,990_port_cond_58-15_00x6_43m.png,unlisted,main,bathampton_canal/5_oct_2017/run1,True,L130
bathampton_canal,5_oct_2017,run1,990,port,59,15.0,9.46,990_port_cond_59-15_00x9_46m.png,unlisted,main,bathampton_canal/5_oct_2017/run1,True,L131
bathampton_canal,5_oct_2017,run1,990,port,60,15.0,11.71,990_port_cond_60-15_00x11_71m.png,unlisted,main,bathampton_canal/5_oct_2017/run1,True,L132
bathampton_canal,5_oct_2017,run1,990,port,61,15.0,14.61,990_port_cond_61-15_00x14_61m.png,unlisted,main,bathampton_canal/5_oct_2017/run1,True,L133
bathampton_canal,5_oct_2017,run1,990,port,62,15.0,13.45,990_port_cond_62-15_00x13_45m.png,unlisted,main,bathampton_canal/5_oct_2017/run1,True,L134
bathampton_canal,5_oct_2017,run1,990,port,63,15.0,11.41,990_port_cond_63-15_00x11_41m.png,unlisted,main,bathampton_canal/5_oct_2017/run1,True,L135
bathampton_canal,5_oct_2017,run1,990,port,64,15.0,9.31,990_port_cond_64-15_00x9_31m.png,unlisted,main,bathampton_canal/5_oct_2017/run1,True,L136
bathampton_canal,5_oct_2017,run1,990,port,65,15.0,7.51,990_port_cond_65-15_00x7_51m.png,unlisted,main,bathampton_canal/5_oct_2017/run1,True,L137
bathampton_canal,5_oct_2017,run1,990,stbd,1,15.0,2.68,990_stbd_cond_1-15_00x2_68m.png,unlisted,main,bathampton_canal/5_oct_2017/run1,True,L138
bathampton_canal,5_oct_2017,run1,990,stbd,2,15.0,17.67,990_stbd_cond_2-15_00x17_67m.png,unlisted,main,bathampton_canal/5_oct_2017/run1,True,L139
bathampton_canal,5_oct_2017,run1,990,stbd,3,15.0,17.52,990_stbd_cond_3-15_00x17_52m.png,unlisted,main,bathampton_canal/5_oct_2017/run1,True,L140
bathampton_canal,5_oct_2017,run1,990,stbd,4,15.0,17.57,990_stbd_cond_4-15_00x17_57m.png,unlisted,main,bathampton_canal/5_oct_2017/run1,True,L141
bathampton_canal,5_oct_2017,run1,990,stbd,5,15.0,17.58,990_stbd_cond_5-15_00x17_58m.png,unlisted,main,bathampton_canal/5_oct_2017/run1,True,L142
bathampton_canal,5_oct_2017,run1,990,stbd,6,15.0,18.38,990_stbd_cond_6-15_00x18_38m.png,unlisted,main,bathampton_canal/5_oct_2017/run1,True,L143
bathampton_canal,5_oct_2017,run1,990,stbd,7,15.0,17.71,990_stbd_cond_7-15_00x17_71m.png,unlisted,main,bathampton_canal/5_oct_2017/run1,True,L144
bathampton_canal,5_oct_2017,run1,990,stbd,8,15.0,16.19,990_stbd_cond_8-15_00x16_19m.png,unlisted,main,bathampton_canal/5_oct_2017/run1,True,L145
bathampton_canal,5_oct_2017,run1,990,stbd,9,15.0,7.18,990_stbd_cond_9-15_00x7_18m.png,unlisted,main,bathampton_canal/5_oct_2017/run1,True,L146
bathampton_canal,5_oct_2017,run1,990,stbd,10,15.0,8.21,990_stbd_cond_10-15_00x8_21m.png,unlisted,main,bathampton_canal/5_oct_2017/run1,True,L147
bathampton_canal,5_oct_2017,run1,990,stbd,11,15.0,16.59,990_stbd_cond_11-15_00x16_59m.png,unlisted,main,bathampton_canal/5_oct_2017/run1,True,L148
bathampton_canal,5_oct_2017,run1,990,stbd,12,15.0,17.31,990_stbd_cond_12-15_00x17_31m.png,unlisted,main,bathampton_canal/5_oct_2017/run1,True,L149
bathampton_canal,5_oct_2017,run1,990,stbd,13,15.0,17.19,990_stbd_cond_13-15_00x17_19m.png,unlisted,main,bathampton_canal/5_oct_2017/run1,True,L150
bathampton_canal,5_oct_2017,run1,990,stbd,14,15.0,18.05,990_stbd_cond_14-15_00x18_05m.png,unlisted,main,bathampton_canal/5_oct_2017/run1,True,L151
bathampton_canal,5_oct_2017,run1,990,stbd,15,15.0,17.25,990_stbd_cond_15-15_00x17_25m.png,unlisted,main,bathampton_canal/5_oct_2017/run1,True,L152
bathampton_canal,5_oct_2017,run1,990,stbd,16,15.0,11.8,990_stbd_cond_16-15_00x11_80m.png,unlisted,main,bathampton_canal/5_oct_2017/run1,True,L153
bathampton_canal,5_oct_2017,run1,990,stbd,17,15.0,2.37,990_stbd_cond_17-15_00x2_37m.png,unlisted,main,bathampton_canal/5_oct_2017/run1,True,L154
bathampton_canal,5_oct_2017,run1,990,stbd,18,15.0,5.42,990_stbd_cond_18-15_00x5_42m.png,unlisted,main,bathampton_canal/5_oct_2017/run1,True,L155
bathampton_canal,5_oct_2017,run1,990,stbd,19,15.0,9.82,990_stbd_cond_19-15_00x9_82m.png,unlisted,main,bathampton_canal/5_oct_2017/run1,True,L156
bathampton_canal,5_oct_2017,run1,990,stbd,20,15.0,12.41,990_stbd_cond_20-15_00x12_41m.png,unlisted,main,bathampton_canal/5_oct_2017/run1,True,L157
bathampton_canal,5_oct_2017,run1,990,stbd,21,15.0,16.31,990_stbd_cond_21-15_00x16_31m.png,unlisted,main,bathampton_canal/5_oct_2017/run1,True,L158
bathampton_canal,5_oct_2017,run1,990,stbd,22,15.0,15.22,990_stbd_cond_22-15_00x15_22m.png,unlisted,main,bathampton_canal/5_oct_2017/run1,True,L159
bathampton_canal,5_oct_2017,run1,990,stbd,23,15.0,17.23,990_stbd_cond_23-15_00x17_23m.png,unlisted,main,bathampton_canal/5_oct_2017/run1,True,L160
bathampton_canal,5_oct_2017,run1,990,stbd,24,15.0,14.0,990_stbd_cond_24-15_00x14_00m.png,unlisted,main,bathampton_canal/5_oct_2017/run1,True,L161
bathampton_canal,5_oct_2017,run1,990,stbd,25,15.0,12.39,990_stbd_cond_25-15_00x12_39m.png,unlisted,main,bathampton_canal/5_oct_2017/run1,True,L162
bathampton_canal,5_oct_2017,run1,990,stbd,26,15.0,6.51,990_stbd_cond_26-15_00x6_51m.png,unlisted,main,bathampton_canal/5_oct_2017/run1,True,L163
bathampton_canal,5_oct_2017,run1,990,stbd,27,15.0,6.9,990_stbd_cond_27-15_00x6_90m.png,unlisted,main,bathampton_canal/5_oct_2017/run1,True,L164
bathampton_canal,5_oct_2017,run1,990,stbd,28,15.0,8.77,990_stbd_cond_28-15_00x8_77m.png,unlisted,main,bathampton_canal/5_oct_2017/run1,True,L165
bathampton_canal,5_oct_2017,run1,990,stbd,29,15.0,10.65,990_stbd_cond_29-15_00x10_65m.png,unlisted,main,bathampton_canal/5_oct_2017/run1,True,L166
bathampton_canal,5_oct_2017,run1,990,stbd,30,15.0,10.07,990_stbd_cond_30-15_00x10_07m.png,unlisted,main,bathampton_canal/5_oct_2017/run1,True,L167
bathampton_canal,5_oct_2017,run1,990,stbd,31,15.0,10.98,990_stbd_cond_31-15_00x10_98m.png,unlisted,main,bathampton_canal/5_oct_2017/run1,True,L168
bathampton_canal,5_oct_2017,run1,990,stbd,32,15.0,10.28,990_stbd_cond_32-15_00x10_28m.png,unlisted,main,bathampton_canal/5_oct_2017/run1,True,L169
bathampton_canal,5_oct_2017,run1,990,stbd,33,15.0,10.13,990_stbd_cond_33-15_00x10_13m.png,unlisted,main,bathampton_canal/5_oct_2017/run1,True,L170
bathampton_canal,5_oct_2017,run1,990,stbd,34,15.0,8.38,990_stbd_cond_34-15_00x8_38m.png,unlisted,main,bathampton_canal/5_oct_2017/run1,True,L171
bathampton_canal,5_oct_2017,run1,990,stbd,35,15.0,7.56,990_stbd_cond_35-15_00x7_56m.png,unlisted,main,bathampton_canal/5_oct_2017/run1,True,L172
bathampton_canal,5_oct_2017,run1,990,stbd,36,15.0,5.35,990_stbd_cond_36-15_00x5_35m.png,unlisted,main,bathampton_canal/5_oct_2017/run1,True,L173
bathampton_canal,5_oct_2017,run1,990,stbd,37,15.0,8.38,990_stbd_cond_37-15_00x8_38m.png,unlisted,main,bathampton_canal/5_oct_2017/run1,True,L174
bathampton_canal,5_oct_2017,run1,990,stbd,38,15.0,3.85,990_stbd_cond_38-15_00x3_85m.png,unlisted,main,bathampton_canal/5_oct_2017/run1,True,L175
bathampton_canal,5_oct_2017,run1,990,stbd,39,15.0,4.07,990_stbd_cond_39-15_00x4_07m.png,unlisted,main,bathampton_canal/5_oct_2017/run1,True,L176
bathampton_canal,5_oct_2017,run1,990,stbd,40,15.0,5.65,990_stbd_cond_40-15_00x5_65m.png,unlisted,main,bathampton_canal/5_oct_2017/run1,True,L177
bathampton_canal,5_oct_2017,run1,990,stbd,41,15.0,6.45,990_stbd_cond_41-15_00x6_45m.png,unlisted,main,bathampton_canal/5_oct_2017/run1,True,L178
bathampton_canal,5_oct_2017,run1,990,stbd,42,15.0,7.6,990_stbd_cond_42-15_00x7_60m.png,unlisted,main,bathampton_canal/5_oct_2017/run1,True,L179
bathampton_canal,5_oct_2017,run1,990,stbd,43,15.0,8.34,990_stbd_cond_43-15_00x8_34m.png,unlisted,main,bathampton_canal/5_oct_2017/run1,True,L180
bathampton_canal,5_oct_2017,run1,990,stbd,44,15.0,9.63,990_stbd_cond_44-15_00x9_63m.png,unlisted,main,bathampton_canal/5_oct_2017/run1,True,L181
bathampton_canal,5_oct_2017,run1,990,stbd,45,15.0,9.3,990_stbd_cond_45-15_00x9_30m.png,unlisted,main,bathampton_canal/5_oct_2017/run1,True,L182
bathampton_canal,5_oct_2017,run1,990,stbd,46,15.0,10.59,990_stbd_cond_46-15_00x10_59m.png,unlisted,main,bathampton_canal/5_oct_2017/run1,True,L183
bathampton_canal,5_oct_2017,run1,990,stbd,47,15.0,2.14,990_stbd_cond_47-15_00x2_14m.png,unlisted,main,bathampton_canal/5_oct_2017/run1,True,L184
bathampton_canal,5_oct_2017,run1,990,stbd,48,15.0,6.03,990_stbd_cond_48-15_00x6_03m.png,unlisted,main,bathampton_canal/5_oct_2017/run1,True,L185
bathampton_canal,5_oct_2017,run1,990,stbd,49,15.0,7.68,990_stbd_cond_49-15_00x7_68m.png,unlisted,main,bathampton_canal/5_oct_2017/run1,True,L186
bathampton_canal,5_oct_2017,run1,990,stbd,50,15.0,8.26,990_stbd_cond_50-15_00x8_26m.png,unlisted,main,bathampton_canal/5_oct_2017/run1,True,L187
bathampton_canal,5_oct_2017,run1,990,stbd,51,15.0,9.49,990_stbd_cond_51-15_00x9_49m.png,unlisted,main,bathampton_canal/5_oct_2017/run1,True,L188
bathampton_canal,5_oct_2017,run1,990,stbd,52,15.0,10.43,990_stbd_cond_52-15_00x10_43m.png,unlisted,main,bathampton_canal/5_oct_2017/run1,True,L189
bathampton_canal,5_oct_2017,run1,990,stbd,53,15.0,11.84,990_stbd_cond_53-15_00x11_84m.png,unlisted,main,bathampton_canal/5_oct_2017/run1,True,L190
bathampton_canal,5_oct_2017,run1,990,stbd,54,15.0,9.89,990_stbd_cond_54-15_00x9_89m.png,unlisted,main,bathampton_canal/5_oct_2017/run1,True,L191
bathampton_canal,5_oct_2017,run1,990,stbd,55,15.0,7.54,990_stbd_cond_55-15_00x7_54m.png,unlisted,main,bathampton_canal/5_oct_2017/run1,True,L192
bathampton_canal,5_oct_2017,run1,990,stbd,56,15.0,7.49,990_stbd_cond_56-15_00x7_49m.png,unlisted,main,bathampton_canal/5_oct_2017/run1,True,L193
bathampton_canal,5_oct_2017,run1,990,stbd,57,15.0,2.64,990_stbd_cond_57-15_00x2_64m.png,unlisted,main,bathampton_canal/5_oct_2017/run1,True,L194
bathampton_canal,5_oct_2017,run1,990,stbd,58,15.0,6.43,990_stbd_cond_58-15_00x6_43m.png,unlisted,main,bathampton_canal/5_oct_2017/run1,True,L195
bathampton_canal,5_oct_2017,run1,990,stbd,59,15.0,9.46,990_stbd_cond_59-15_00x9_46m.png,unlisted,main,bathampton_canal/5_oct_2017/run1,True,L196
bathampton_canal,5_oct_2017,run1,990,stbd,60,15.0,11.71,990_stbd_cond_60-15_00x11_71m.png,unlisted,main,bathampton_canal/5_oct_2017/run1,True,L197
bathampton_canal,5_oct_2017,run1,990,stbd,61,15.0,14.61,990_stbd_cond_61-15_00x14_61m.png,unlisted,main,bathampton_canal/5_oct_2017/run1,True,L198
bathampton_canal,5_oct_2017,run1,990,stbd,62,15.0,13.45,990_stbd_cond_62-15_00x13_45m.png,unlisted,main,bathampton_canal/5_oct_2017/run1,True,L199
bathampton_canal,5_oct_2017,run1,990,stbd,63,15.0,11.41,990_stbd_cond_63-15_00x11_41m.png,unlisted,main,bathampton_canal/5_oct_2017/run1,True,L200
bathampton_canal,5_oct_2017,run1,990,stbd,64,15.0,9.31,990_stbd_cond_64-15_00x9_31m.png,unlisted,main,bathampton_canal/5_oct_2017/run1,True,L201
bathampton_canal,5_oct_2017,run1,990,stbd,65,15.0,7.51,990_stbd_cond_65-15_00x7_51m.png,unlisted,main,bathampton_canal/5_oct_2017/run1,True,L202
underfall_yard,2_oct_2019,run1,990,port,1,15.0,5.71,990_port_cond_1-15_00x5_71m.png,unlisted,main,underfall_yard/2_oct_2019/run1,True,L203
underfall_yard,2_oct_2019,run1,990,port,3,15.0,14.04,990_port_cond_3-15_00x14_04m.png,unlisted,main,underfall_yard/2_oct_2019/run1,True,L204
underfall_yard,2_oct_2019,run1,990,port,5,15.0,15.25,990_port_cond_5-15_00x15_25m.png,unlisted,main,underfall_yard/2_oct_2019/run1,True,L205
underfall_yard,2_oct_2019,run1,990,port,7,15.0,14.0,990_port_cond_7-15_00x14_00m.png,unlisted,main,underfall_yard/2_oct_2019/run1,True,L206
underfall_yard,2_oct_2019,run1,990,port,8,15.0,13.55,990_port_cond_8-15_00x13_55m.png,unlisted,main,underfall_yard/2_oct_2019/run1,True,L207
underfall_yard,2_oct_2019,run1,990,port,9,15.0,14.03,990_port_cond_9-15_00x14_03m.png,unlisted,main,underfall_yard/2_oct_2019/run1,True,L208
underfall_yard,2_oct_2019,run1,990,port,10,15.0,13.35,990_port_cond_10-15_00x13_35m.png,unlisted,main,underfall_yard/2_oct_2019/run1,True,L209
underfall_yard,2_oct_2019,run1,990,port,11,15.0,11.19,990_port_cond_11-15_00x11_19m.png,unlisted,main,underfall_yard/2_oct_2019/run1,True,L210
underfall_yard,2_oct_2019,run1,990,port,13,15.0,11.73,990_port_cond_13-15_00x11_73m.png,unlisted,main,underfall_yard/2_oct_2019/run1,True,L211
underfall_yard,2_oct_2019,run1,990,port,14,15.0,11.93,990_port_cond_14-15_00x11_93m.png,unlisted,main,underfall_yard/2_oct_2019/run1,True,L212
underfall_yard,2_oct_2019,run1,990,port,16,15.0,11.33,990_port_cond_16-15_00x11_33m.png,unlisted,main,underfall_yard/2_oct_2019/run1,True,L213
underfall_yard,2_oct_2019,run1,990,stbd,1,15.0,5.71,990_stbd_cond_1-15_00x5_71m.png,unlisted,main,underfall_yard/2_oct_2019/run1,True,L214
underfall_yard,2_oct_2019,run1,990,stbd,2,15.0,14.18,990_stbd_cond_2-15_00x14_18m.png,unlisted,main,underfall_yard/2_oct_2019/run1,True,L215
underfall_yard,2_oct_2019,run1,990,stbd,4,15.0,12.58,990_stbd_cond_4-15_00x12_58m.png,unlisted,main,underfall_yard/2_oct_2019/run1,True,L216
underfall_yard,2_oct_2019,run1,990,stbd,5,15.0,15.25,990_stbd_cond_5-15_00x15_25m.png,unlisted,main,underfall_yard/2_oct_2019/run1,True,L217
underfall_yard,2_oct_2019,run1,990,stbd,6,15.0,13.87,990_stbd_cond_6-15_00x13_87m.png,unlisted,main,underfall_yard/2_oct_2019/run1,True,L218
underfall_yard,2_oct_2019,run1,990,stbd,12,15.0,11.74,990_stbd_cond_12-15_00x11_74m.png,unlisted,main,underfall_yard/2_oct_2019/run1,True,L219
underfall_yard,2_oct_2019,run1,990,stbd,14,15.0,11.93,990_stbd_cond_14-15_00x11_93m.png,unlisted,main,underfall_yard/2_oct_2019/run1,True,L220
underfall_yard,2_oct_2019,run1,990,stbd,15,15.0,11.68,990_stbd_cond_15-15_00x11_68m.png,unlisted,main,underfall_yard/2_oct_2019/run1,True,L221
