leg_id,verdict,x0_m,x1_m,y0_m,y1_m,grade,note
L036,target_boxed,8.7,11.6,2.9,8.5,B,highlight and shadow wedge stretched about 4x along track (boat speed change)
L037,target_boxed,6.0,7.8,4.4,6.3,A,highlight at 6.0-6.6 m with shadow to 7.8 m
L038,target_boxed,6.7,9.0,9.0,10.8,A,highlight 6.8-7.2 m; shadow to 9.0 m
L039,target_boxed,3.9,5.1,6.0,7.6,B,close to nadir edge; short shadow
L040,target_boxed,6.0,7.8,0.3,1.1,C,small highlight and shadow at the start of the leg; partly cut off
L041,target_boxed,6.0,7.6,8.6,10.6,A,highlight at 6.1-6.4 m; shadow to 7.5 m
L042,target_boxed,4.9,6.3,6.5,8.1,A,highlight at 5.0-5.3 m; shadow to 6.2 m
L043,target_boxed,3.0,4.3,5.9,7.6,B,at the nadir edge; highlight inside the water column region
L044,target_boxed,3.0,3.9,7.3,8.9,B,bright irregular return at the nadir edge
L045,target_boxed,4.8,6.1,5.0,6.9,A,highlight at 4.8-5.4 m; shadow to 6.0 m
L046,target_boxed,8.4,10.0,9.2,10.0,B,short bright return; faint shadow along the same row (end-on aspect)
L047,target_boxed,5.6,8.1,8.0,9.0,A,highlight at 5.7-6.4 m; shadow tail to 8.0 m
L048,target_boxed,3.3,5.0,8.5,9.4,C,two small bright blobs at the nadir edge; no clear shadow
L049,target_boxed,7.0,9.0,7.2,9.4,A,highlight at 7.1-7.5 m; shadow to 9.0 m
L050,target_boxed,4.8,6.3,9.0,11.2,A,highlight at 4.9-5.4 m; shadow to 6.2 m
L051,target_boxed,4.4,5.3,4.8,7.1,B,thin highlight with a narrow shadow behind
L052,target_boxed,3.0,4.0,9.2,10.9,B,bright return at the nadir edge
L053,target_boxed,6.4,8.9,0.0,0.6,C,highlight and dark blob at the very start of the leg; cut off
L054,target_boxed,9.6,12.3,3.3,7.4,B,highlight and shadow wedge stretched about 2x along track (boat speed change)
L055,target_boxed,6.4,8.1,4.8,6.8,A,highlight at 6.5-6.9 m; shadow to 8.0 m
L056,target_boxed,7.9,10.2,9.0,10.6,A,highlight at 8.0-8.4 m; shadow to 10.1 m
L057,target_boxed,4.4,6.1,7.3,8.3,B,highlight at 4.5-5.0 m; faint shadow
L058,target_boxed,4.9,6.4,0.3,1.0,B,highlight and dark blob near the start of the leg
L059,target_boxed,5.5,7.7,1.4,2.0,B,small highlight with a dark streak behind it
L060,not_found,,,,,,no highlight-with-shadow; candidates at 3.0-3.3 m/2.9-3.6 m (nadir edge) and 4.6-5.0 m/2.4-3.6 m without shadow
L061,target_boxed,7.2,11.2,8.8,9.8,B,bright returns at 7.3-8.7 m with a dark streak to 11 m (end-on aspect)
L062,target_boxed,5.6,7.0,13.3,13.9,C,bright return at the very end of the leg; cut off
L063,target_boxed,3.4,4.7,11.5,12.9,B,highlight at the nadir edge with a dark streak behind; second candidate at 5.4-5.7 m/7.0-7.8 m
L064,target_boxed,6.9,8.5,9.2,11.2,A,highlight at 7.0-7.4 m; shadow to 8.4 m
L065,target_boxed,5.9,7.6,6.8,8.3,A,highlight at 6.0-6.4 m; shadow to 7.5 m
L066,target_boxed,4.3,5.4,7.2,8.7,A,highlight at 4.4-4.8 m; shadow to 5.3 m
L067,target_boxed,4.6,5.4,4.0,6.0,B,elongated shadow with a faint highlight before it
L068,target_boxed,6.1,9.1,6.3,7.8,A,highlight at 6.2-7.2 m; shadow to 9.0 m
L069,target_boxed,3.0,4.7,8.9,10.0,B,bright returns at the nadir edge
L070,target_boxed,4.2,6.1,4.2,5.0,B,highlight at 4.3-5.1 m with a dark streak to 6.0 m
L071,target_boxed,4.2,6.0,5.6,6.6,A,highlight at 4.3-4.7 m; shadow to 5.9 m
L072,target_boxed,4.7,6.4,3.3,5.1,A,highlight at 4.8-5.6 m; shadow at 5.9-6.3 m
L000,target_boxed,4.4,5.6,5.9,7.0,B,highlight with an oval shadow; several similar dark blobs elsewhere in the leg
L001,not_found,,,,,,no distinct highlight-with-shadow in a cluttered leg
L002,target_boxed,3.3,4.0,6.7,7.6,B,small highlight with an oval shadow (same position as L000 relative to the bank)
L003,target_boxed,6.8,7.8,5.7,6.6,B,highlight with an oval shadow close to the bank
L004,target_boxed,1.9,2.8,5.1,7.0,C,two small sharp shadows near the nadir edge; no clear highlight
L005,target_boxed,6.5,7.9,1.8,2.5,C,highlight with an elongated shadow; leg has many dark patches
L006,target_boxed,1.9,2.6,13.9,15.3,C,dark shadow just past nadir with a faint highlight; similar blob at 2.3-2.6 m/17.6-18.0 m
L007,target_boxed,7.9,8.9,13.8,14.7,B,highlight with an oval shadow near the bank
L008,target_boxed,9.3,10.7,13.2,14.0,B,highlight with an oval shadow near the bank (same appearance as L007)
L009,not_found,,,,,,"no distinct highlight-with-shadow; striped, smeared leg"
L010,target_boxed,3.9,5.0,11.8,12.5,B,highlight with an oval shadow; second candidate shadow at 2.4-2.8 m/1.2-1.8 m
L011,target_boxed,8.6,9.8,11.2,12.1,B,highlight with an oval shadow near the bank
L012,target_boxed,4.5,7.0,6.9,11.3,C,large irregular shadow region with a faint highlight; may be vegetation
L013,target_boxed,5.7,8.4,7.1,10.0,C,large irregular shadow region with a faint highlight; may be vegetation
L014,target_boxed,3.0,4.4,3.3,6.0,C,elongated shadow (about 2.5 m along track) with no clear highlight
L015,target_boxed,7.5,8.5,6.4,7.6,B,highlight with an oval shadow near the bank; several other small shadows in the leg
L016,target_boxed,4.3,6.8,7.7,9.1,B,elongated highlight-and-shadow about 2 m long; second candidate near the bank at 10.6-11.4 m/3.6-4.2 m
L017,target_boxed,2.1,3.7,2.2,3.7,C,elongated shadow near nadir
L018,target_boxed,6.1,7.2,4.6,5.6,B,highlight with an oval shadow near the bank
L019,target_boxed,2.7,4.3,8.0,9.1,C,elongated shadow with a faint highlight
L020,target_boxed,5.0,6.1,12.2,13.9,B,highlight with a wedge shadow; many smaller shadows along the leg
L021,target_boxed,3.9,6.8,8.0,9.2,B,elongated highlight-and-shadow about 2 m long; second candidate at 6.7-7.9 m/11.6-12.6 m
L022,target_boxed,5.9,9.6,6.8,7.9,C,long dark streak about 3 m; longer than a body
L023,target_boxed,10.4,12.1,3.8,4.9,B,highlight with an oval shadow near the bank
L024,target_boxed,3.1,4.9,4.8,5.7,B,elongated highlight-and-shadow about 1.5 m long
L025,target_boxed,1.9,2.7,2.7,4.4,C,shadow just past nadir; no clear highlight
L026,target_boxed,2.8,4.1,5.1,6.0,B,highlight with an oval shadow; smaller shadow at 2.3-2.8 m/6.5-7.0 m
L027,target_boxed,2.0,3.7,11.4,12.5,C,elongated shadow near nadir with no clear highlight
L028,target_boxed,7.8,9.1,10.8,12.1,B,highlight with an oval shadow near the bank
L029,target_boxed,7.3,8.5,11.3,12.5,B,highlight with an oval shadow near the bank (matches L028)
L030,target_boxed,1.7,2.9,8.6,10.4,C,elongated shadow near nadir
L031,target_boxed,6.3,7.9,1.2,2.6,C,dark patch with a faint highlight; ambiguous
L032,target_boxed,5.2,7.1,1.4,4.0,C,"large dark patch; probably vegetation, not a clear body"
L033,target_boxed,6.8,9.2,3.0,4.8,C,large dark patch with a faint highlight; probably vegetation
L034,target_boxed,2.4,3.3,3.7,4.7,B,highlight with a short shadow just past nadir; similar small shadows at 3.3-3.7 m/7.8-8.2 m and 3.6-4.3 m/8.9-9.4 m
L035,target_boxed,7.1,9.6,4.9,6.9,C,large dark patch; probably vegetation
