eval,rung,t_check_s,t_research_s,looks,opt_threshold,opt_fapf,opt_recall,opt_expected_time_s,opt_fa_per_scan,et_at_0.05_s,et_no_detector_s,saving_vs_0.05_s
cross-session,R0,60,600,1,inf,0.0000,0.0000,660.0000,0.0000,714.6053,660.0000,54.6053
cross-session,R0,60,600,3,31.4558,0.0460,0.0669,630.2114,1.3804,638.8062,660.0000,8.5948
cross-session,R0,60,1800,1,30.1062,0.1023,0.1262,1816.9868,3.0697,1830.0865,1860.0000,13.0997
cross-session,R0,60,1800,3,27.9529,0.2753,0.2469,1324.5014,8.2592,1602.6890,1860.0000,278.1876
cross-session,R0,60,7200,1,16.8054,1.5943,0.8424,4064.4519,47.8287,6849.7518,7260.0000,2785.2998
cross-session,R0,60,7200,3,23.1585,0.8972,0.5767,2221.0478,26.9162,5940.1617,7260.0000,3719.1139
cross-session,R0,180,600,1,inf,0.0000,0.0000,660.0000,0.0000,908.3349,660.0000,248.3349
cross-session,R0,180,600,3,inf,0.0000,0.0000,660.0000,0.0000,832.5357,660.0000,172.5357
cross-session,R0,180,1800,1,inf,0.0000,0.0000,1860.0000,0.0000,2023.8160,1860.0000,163.8160
cross-session,R0,180,1800,3,31.4558,0.0460,0.0669,1770.6341,1.3804,1796.4185,1860.0000,25.7844
cross-session,R0,180,7200,1,29.8420,0.1165,0.1402,6879.9948,3.4956,7043.4813,7260.0000,163.4865
cross-session,R0,180,7200,3,27.2994,0.3525,0.2901,4539.4995,10.5756,6133.8912,7260.0000,1594.3917
cross-session,R0,600,600,1,inf,0.0000,0.0000,660.0000,0.0000,1586.3882,660.0000,926.3882
cross-session,R0,600,600,3,inf,0.0000,0.0000,660.0000,0.0000,1510.5890,660.0000,850.5890
cross-session,R0,600,1800,1,inf,0.0000,0.0000,1860.0000,0.0000,2701.8694,1860.0000,841.8694
cross-session,R0,600,1800,3,inf,0.0000,0.0000,1860.0000,0.0000,2474.4719,1860.0000,614.4719
cross-session,R0,600,7200,1,inf,0.0000,0.0000,7260.0000,0.0000,7721.5347,7260.0000,461.5347
cross-session,R0,600,7200,3,30.4902,0.0810,0.1046,6685.8685,2.4286,6811.9446,7260.0000,126.0760
cross-session,R1,60,600,1,inf,0.0000,0.0000,660.0000,0.0000,675.3241,660.0000,15.3241
cross-session,R1,60,600,3,-1.1945,0.1204,0.2775,502.9996,3.6125,534.8283,660.0000,31.8287
cross-session,R1,60,1800,1,-1.5125,0.1911,0.3696,1538.6681,5.7323,1697.0815,1860.0000,158.4133
cross-session,R1,60,1800,3,-1.5125,0.1911,0.3696,854.8921,5.7323,1275.5938,1860.0000,420.7017
cross-session,R1,60,7200,1,-2.4537,0.6824,0.6192,4029.7801,20.4726,6294.9894,7260.0000,2265.2093
cross-session,R1,60,7200,3,-2.0817,0.4291,0.5286,1586.6582,12.8732,4609.0389,7260.0000,3022.3806
cross-session,R1,180,600,1,inf,0.0000,0.0000,660.0000,0.0000,884.2151,660.0000,224.2151
cross-session,R1,180,600,3,inf,0.0000,0.0000,660.0000,0.0000,743.7192,660.0000,83.7192
cross-session,R1,180,1800,1,inf,0.0000,0.0000,1860.0000,0.0000,1905.9724,1860.0000,45.9724
cross-session,R1,180,1800,3,-1.1945,0.1204,0.2775,1388.9987,3.6125,1484.4848,1860.0000,95.4861
cross-session,R1,180,7200,1,-1.6318,0.2296,0.4010,5612.8397,6.8882,6503.8804,7260.0000,891.0407
cross-session,R1,180,7200,3,-1.6318,0.2296,0.4010,2847.4897,6.8882,4817.9298,7260.0000,1970.4401
cross-session,R1,600,600,1,inf,0.0000,0.0000,660.0000,0.0000,1615.3335,660.0000,955.3335
cross-session,R1,600,600,3,inf,0.0000,0.0000,660.0000,0.0000,1474.8376,660.0000,814.8376
cross-session,R1,600,1800,1,inf,0.0000,0.0000,1860.0000,0.0000,2637.0908,1860.0000,777.0908
cross-session,R1,600,1800,3,inf,0.0000,0.0000,1860.0000,0.0000,2215.6032,1860.0000,355.6032
cross-session,R1,600,7200,1,-0.6744,0.0580,0.1485,7234.9988,1.7408,7234.9988,7260.0000,0.0000
cross-session,R1,600,7200,3,-1.1945,0.1204,0.2775,4942.4900,3.6125,5549.0482,7260.0000,606.5582
cross-session,R2,60,600,1,-0.5907,0.0473,0.4010,504.4868,1.4179,504.4868,660.0000,0.0000
cross-session,R2,60,600,3,-0.5907,0.0473,0.4010,274.0409,1.4179,274.0409,660.0000,0.0000
cross-session,R2,60,1800,1,-1.6314,0.1763,0.6395,1026.2212,5.2878,1223.3152,1860.0000,197.0940
cross-session,R2,60,1800,3,-1.2340,0.1065,0.5432,423.2977,3.1961,531.9777,1860.0000,108.6801
cross-session,R2,60,7200,1,-2.6384,0.5433,0.8340,2232.8920,16.2985,4458.0432,7260.0000,2225.1512
cross-session,R2,60,7200,3,-1.7984,0.2145,0.6729,697.9410,6.4343,1692.6932,7260.0000,994.7523
cross-session,R2,180,600,1,0.8088,0.0078,0.1695,600.4415,0.2340,674.6318,660.0000,74.1903
cross-session,R2,180,600,3,-0.0838,0.0260,0.2915,414.0598,0.7815,444.1860,660.0000,30.1262
cross-session,R2,180,1800,1,-0.5907,0.0473,0.4010,1393.4603,1.4179,1393.4603,1860.0000,0.0000
cross-session,R2,180,1800,3,-0.5907,0.0473,0.4010,702.1228,1.4179,702.1228,1860.0000,0.0000
cross-session,R2,180,7200,1,-2.0678,0.2923,0.7322,3566.5080,8.7693,4628.1883,7260.0000,1061.6803
cross-session,R2,180,7200,3,-1.4474,0.1415,0.5914,1315.3034,4.2443,1862.8383,7260.0000,547.5349
cross-session,R2,600,600,1,4.5342,0.0000,0.0007,659.5816,0.0000,1270.1395,660.0000,610.5580
cross-session,R2,600,600,3,0.8088,0.0078,0.1695,544.1308,0.2340,1039.6937,660.0000,495.5629
cross-session,R2,600,1800,1,0.8088,0.0078,0.1695,1695.3628,0.2340,1988.9680,1860.0000,293.6052
cross-session,R2,600,1800,3,-0.0838,0.0260,0.2915,1169.0676,0.7815,1297.6305,1860.0000,128.5629
cross-session,R2,600,7200,1,-0.9345,0.0750,0.4805,5151.0771,2.2508,5223.6960,7260.0000,72.6189
cross-session,R2,600,7200,3,-0.9345,0.0750,0.4805,2420.1018,2.2508,2458.3460,7260.0000,38.2442
720k->1200k,R0,60,600,1,inf,0.0000,0.0000,660.0000,0.0000,708.5291,660.0000,48.5291
720k->1200k,R0,60,600,3,32.1251,0.0446,0.0729,618.4312,1.3382,627.3702,660.0000,8.9390
720k->1200k,R0,60,1800,1,30.1068,0.1563,0.1876,1803.7862,4.6901,1817.2108,1860.0000,13.4246
720k->1200k,R0,60,1800,3,27.9523,0.3671,0.3558,1201.9794,11.0144,1573.7340,1860.0000,371.7545
720k->1200k,R0,60,7200,1,16.5600,1.6547,0.9110,3679.0262,49.6419,6806.2783,7260.0000,3127.2522
720k->1200k,R0,60,7200,3,24.8180,0.7860,0.6206,1868.0304,23.5792,5832.3710,7260.0000,3964.3406
720k->1200k,R0,180,600,1,inf,0.0000,0.0000,660.0000,0.0000,896.9057,660.0000,236.9057
720k->1200k,R0,180,600,3,inf,0.0000,0.0000,660.0000,0.0000,815.7468,660.0000,155.7468
720k->1200k,R0,180,1800,1,inf,0.0000,0.0000,1860.0000,0.0000,2005.5874,1860.0000,145.5874
720k->1200k,R0,180,1800,3,32.1251,0.0446,0.0729,1735.2935,1.3382,1762.1105,1860.0000,26.8170
720k->1200k,R0,180,7200,1,27.9523,0.3671,0.3558,6680.5284,11.0144,6994.6549,7260.0000,314.1265
720k->1200k,R0,180,7200,3,27.2991,0.4486,0.4116,3949.5602,13.4591,6020.7476,7260.0000,2071.1874
720k->1200k,R0,600,600,1,inf,0.0000,0.0000,660.0000,0.0000,1556.2237,660.0000,896.2237
720k->1200k,R0,600,600,3,inf,0.0000,0.0000,660.0000,0.0000,1475.0648,660.0000,815.0648
720k->1200k,R0,600,1800,1,inf,0.0000,0.0000,1860.0000,0.0000,2664.9054,1860.0000,804.9054
720k->1200k,R0,600,1800,3,inf,0.0000,0.0000,1860.0000,0.0000,2421.4286,1860.0000,561.4286
720k->1200k,R0,600,7200,1,inf,0.0000,0.0000,7260.0000,0.0000,7653.9729,7260.0000,393.9729
720k->1200k,R0,600,7200,3,31.4716,0.0725,0.1018,6581.7248,2.1746,6680.0656,7260.0000,98.3408
720k->1200k,R1,60,600,1,0.5437,0.0227,0.1200,628.8921,0.6820,633.8029,660.0000,4.9108
720k->1200k,R1,60,600,3,0.1530,0.0530,0.2026,459.5925,1.5891,459.5925,660.0000,0.0000
720k->1200k,R1,60,1800,1,-0.9309,0.2674,0.5295,1388.3093,8.0227,1590.7161,1860.0000,202.4069
720k->1200k,R1,60,1800,3,-0.8092,0.2293,0.4877,714.7062,6.8775,1068.0849,1860.0000,353.3786
720k->1200k,R1,60,7200,1,-1.7421,0.6858,0.7706,2945.9312,20.5747,5896.8254,7260.0000,2950.8943
720k->1200k,R1,60,7200,3,-1.2456,0.3882,0.6259,1135.5378,11.6449,3806.3004,7260.0000,2670.7627
720k->1200k,R1,180,600,1,3.2467,0.0000,0.0011,659.3569,0.0000,824.4956,660.0000,165.1387
720k->1200k,R1,180,600,3,0.5437,0.0227,0.1200,591.5770,0.6820,650.2852,660.0000,58.7082
720k->1200k,R1,180,1800,1,0.5437,0.0227,0.1200,1766.6764,0.6820,1781.4088,1860.0000,14.7324
720k->1200k,R1,180,1800,3,0.1530,0.0530,0.2026,1258.7776,1.5891,1258.7776,1860.0000,0.0000
720k->1200k,R1,180,7200,1,-1.1500,0.3472,0.5981,4828.7781,10.4160,6087.5181,7260.0000,1258.7400
720k->1200k,R1,180,7200,3,-0.9309,0.2674,0.5295,2254.1261,8.0227,3996.9931,7260.0000,1742.8670
720k->1200k,R1,600,600,1,3.2467,0.0000,0.0011,659.3569,0.0000,1491.9200,660.0000,832.5631
720k->1200k,R1,600,600,3,3.2467,0.0000,0.0011,658.0728,0.0000,1317.7096,660.0000,659.6368
720k->1200k,R1,600,1800,1,3.2467,0.0000,0.0011,1858.0707,0.0000,2448.8332,1860.0000,590.7625
720k->1200k,R1,600,1800,3,0.5437,0.0227,0.1200,1695.6490,0.6820,1926.2020,1860.0000,230.5530
720k->1200k,R1,600,7200,1,0.1530,0.0530,0.2026,6754.9425,1.5891,6754.9425,7260.0000,0.0000
720k->1200k,R1,600,7200,3,-0.3461,0.1229,0.3194,4541.7913,3.6865,4664.4175,7260.0000,122.6262
720k->1200k,R2,60,600,1,inf,0.0000,0.0000,660.0000,0.0000,685.4929,660.0000,25.4929
720k->1200k,R2,60,600,3,-1.5325,0.0345,0.0611,618.7625,1.0358,618.7625,660.0000,0.0000
720k->1200k,R2,60,1800,1,-2.4769,0.1096,0.1522,1783.3000,3.2876,1812.1810,1860.0000,28.8810
720k->1200k,R2,60,1800,3,-3.2499,0.2342,0.2294,1305.3169,7.0255,1611.9897,1860.0000,306.6728
720k->1200k,R2,60,7200,1,-3.9921,0.4508,0.3130,5818.0328,13.5235,6882.2774,7260.0000,1064.2447
720k->1200k,R2,60,7200,3,-4.6961,0.8081,0.3934,3121.9620,24.2419,6081.5124,7260.0000,2959.5504
720k->1200k,R2,180,600,1,inf,0.0000,0.0000,660.0000,0.0000,809.7905,660.0000,149.7905
720k->1200k,R2,180,600,3,inf,0.0000,0.0000,660.0000,0.0000,743.0601,660.0000,83.0601
720k->1200k,R2,180,1800,1,inf,0.0000,0.0000,1860.0000,0.0000,1936.4786,1860.0000,76.4786
720k->1200k,R2,180,1800,3,-1.5325,0.0345,0.0611,1736.2874,1.0358,1736.2874,1860.0000,0.0000
720k->1200k,R2,180,7200,1,-2.4769,0.1096,0.1522,6755.9450,3.2876,7006.5751,7260.0000,250.6301
720k->1200k,R2,180,7200,3,-3.2499,0.2342,0.2294,4619.7364,7.0255,6205.8101,7260.0000,1586.0737
720k->1200k,R2,600,600,1,inf,0.0000,0.0000,660.0000,0.0000,1244.8324,660.0000,584.8324
720k->1200k,R2,600,600,3,inf,0.0000,0.0000,660.0000,0.0000,1178.1019,660.0000,518.1019
720k->1200k,R2,600,1800,1,inf,0.0000,0.0000,1860.0000,0.0000,2371.5205,1860.0000,511.5205
720k->1200k,R2,600,1800,3,inf,0.0000,0.0000,1860.0000,0.0000,2171.3292,1860.0000,311.3292
720k->1200k,R2,600,7200,1,inf,0.0000,0.0000,7260.0000,0.0000,7441.6169,7260.0000,181.6169
720k->1200k,R2,600,7200,3,-2.4769,0.1096,0.1522,6420.0487,3.2876,6640.8519,7260.0000,220.8032
1200k->720k,R0,60,600,1,inf,0.0000,0.0000,660.0000,0.0000,743.3325,660.0000,83.3325
1200k->720k,R0,60,600,3,inf,0.0000,0.0000,660.0000,0.0000,724.6274,660.0000,64.6274
1200k->720k,R0,60,1800,1,inf,0.0000,0.0000,1860.0000,0.0000,1924.1709,1860.0000,64.1709
1200k->720k,R0,60,1800,3,30.0555,0.0249,0.0120,1840.9826,0.7480,1868.0554,1860.0000,27.0728
1200k->720k,R0,60,7200,1,15.6124,1.6973,0.7745,4739.0702,50.9186,7237.9433,7260.0000,2498.8731
1200k->720k,R0,60,7200,3,19.3864,1.1435,0.5868,2626.1118,34.3045,7013.4814,7260.0000,4387.3697
1200k->720k,R0,180,600,1,inf,0.0000,0.0000,660.0000,0.0000,929.1593,660.0000,269.1593
1200k->720k,R0,180,600,3,inf,0.0000,0.0000,660.0000,0.0000,910.4542,660.0000,250.4542
1200k->720k,R0,180,1800,1,inf,0.0000,0.0000,1860.0000,0.0000,2109.9976,1860.0000,249.9976
1200k->720k,R0,180,1800,3,inf,0.0000,0.0000,1860.0000,0.0000,2053.8822,1860.0000,193.8822
1200k->720k,R0,180,7200,1,inf,0.0000,0.0000,7260.0000,0.0000,7423.7701,7260.0000,163.7701
1200k->720k,R0,180,7200,3,21.3222,0.9077,0.4531,6139.3733,27.2310,7199.3082,7260.0000,1059.9349
1200k->720k,R0,600,600,1,inf,0.0000,0.0000,660.0000,0.0000,1579.5530,660.0000,919.5530
1200k->720k,R0,600,600,3,inf,0.0000,0.0000,660.0000,0.0000,1560.8479,660.0000,900.8479
1200k->720k,R0,600,1800,1,inf,0.0000,0.0000,1860.0000,0.0000,2760.3913,1860.0000,900.3913
1200k->720k,R0,600,1800,3,inf,0.0000,0.0000,1860.0000,0.0000,2704.2759,1860.0000,844.2759
1200k->720k,R0,600,7200,1,inf,0.0000,0.0000,7260.0000,0.0000,8074.1638,7260.0000,814.1638
1200k->720k,R0,600,7200,3,inf,0.0000,0.0000,7260.0000,0.0000,7849.7019,7260.0000,589.7019
1200k->720k,R1,60,600,1,inf,0.0000,0.0000,660.0000,0.0000,700.6478,660.0000,40.6478
1200k->720k,R1,60,600,3,-1.2768,0.0346,0.0359,659.8297,1.0367,659.8297,660.0000,0.0000
1200k->720k,R1,60,1800,1,-1.2768,0.0346,0.0359,1857.5341,1.0367,1857.5341,1860.0000,0.0000
1200k->720k,R1,60,1800,3,-2.2869,0.2524,0.1976,1444.2334,7.5722,1735.0798,1860.0000,290.8464
1200k->720k,R1,60,7200,1,-2.6015,0.4882,0.2774,6141.1354,14.6457,7063.5221,7260.0000,922.3867
1200k->720k,R1,60,7200,3,-2.6934,0.6102,0.2994,3634.3683,18.3071,6573.7049,7260.0000,2939.3365
1200k->720k,R1,180,600,1,inf,0.0000,0.0000,660.0000,0.0000,825.0573,660.0000,165.0573
1200k->720k,R1,180,600,3,inf,0.0000,0.0000,660.0000,0.0000,784.2392,660.0000,124.2392
1200k->720k,R1,180,1800,1,inf,0.0000,0.0000,1860.0000,0.0000,1981.9435,1860.0000,121.9435
1200k->720k,R1,180,1800,3,-1.2768,0.0346,0.0359,1859.4892,1.0367,1859.4892,1860.0000,0.0000
1200k->720k,R1,180,7200,1,-1.9689,0.1417,0.1257,7119.9651,4.2520,7187.9315,7260.0000,67.9664
1200k->720k,R1,180,7200,3,-2.3540,0.2913,0.2136,5135.1626,8.7402,6698.1143,7260.0000,1562.9517
1200k->720k,R1,600,600,1,inf,0.0000,0.0000,660.0000,0.0000,1260.4904,660.0000,600.4904
1200k->720k,R1,600,600,3,inf,0.0000,0.0000,660.0000,0.0000,1219.6723,660.0000,559.6723
1200k->720k,R1,600,1800,1,inf,0.0000,0.0000,1860.0000,0.0000,2417.3766,1860.0000,557.3766
1200k->720k,R1,600,1800,3,inf,0.0000,0.0000,1860.0000,0.0000,2294.9223,1860.0000,434.9223
1200k->720k,R1,600,7200,1,inf,0.0000,0.0000,7260.0000,0.0000,7623.3646,7260.0000,363.3646
1200k->720k,R1,600,7200,3,-1.2768,0.0346,0.0359,7133.5474,1.0367,7133.5474,7260.0000,0.0000
1200k->720k,R2,60,600,1,-3.2025,0.0420,0.1956,618.2253,1.2598,618.2253,660.0000,0.0000
1200k->720k,R2,60,600,3,-3.5273,0.0704,0.2575,432.3934,2.1129,447.8771,660.0000,15.4836
1200k->720k,R2,60,1800,1,-4.1135,0.1675,0.3932,1453.7904,5.0262,1583.4947,1860.0000,129.7044
1200k->720k,R2,60,1800,3,-4.1135,0.1675,0.3932,763.7174,5.0262,1072.4501,1860.0000,308.7327
1200k->720k,R2,60,7200,1,-4.9527,0.5836,0.6128,3898.4177,17.5066,5927.2073,7260.0000,2028.7897
1200k->720k,R2,60,7200,3,-4.9527,0.5836,0.6128,1528.4401,17.5066,3883.0286,7260.0000,2354.5884
1200k->720k,R2,180,600,1,0.1897,0.0000,0.0020,658.8024,0.0000,769.4064,660.0000,110.6040
1200k->720k,R2,180,600,3,-2.4957,0.0175,0.1138,572.1137,0.5249,599.0582,660.0000,26.9445
1200k->720k,R2,180,1800,1,-3.2025,0.0420,0.1956,1734.6758,1.2598,1734.6758,1860.0000,0.0000
1200k->720k,R2,180,1800,3,-3.5273,0.0704,0.2575,1177.1803,2.1129,1223.6312,1860.0000,46.4508
1200k->720k,R2,180,7200,1,-4.1135,0.1675,0.3932,5333.5867,5.0262,6078.3884,7260.0000,744.8017
1200k->720k,R2,180,7200,3,-4.1135,0.1675,0.3932,2573.2948,5.0262,4034.2097,7260.0000,1460.9149
1200k->720k,R2,600,600,1,0.1897,0.0000,0.0020,658.8024,0.0000,1298.5402,660.0000,639.7378
1200k->720k,R2,600,600,3,0.1897,0.0000,0.0020,656.4144,0.0000,1128.1920,660.0000,471.7777
1200k->720k,R2,600,1800,1,0.1897,0.0000,0.0020,1856.4072,0.0000,2263.8097,1860.0000,407.4025
1200k->720k,R2,600,1800,3,-2.4957,0.0175,0.1138,1627.8371,0.5249,1752.7650,1860.0000,124.9280
1200k->720k,R2,600,7200,1,-3.2025,0.0420,0.1956,6607.5223,1.2598,6607.5223,7260.0000,0.0000
1200k->720k,R2,600,7200,3,-3.7537,0.1002,0.3154,4173.6268,3.0052,4563.3435,7260.0000,389.7168
