eval,rung,body_free_frames,n_cal,fapf_med,fapf_p10,fapf_p90,recall_med
720k->1200k,R1,3731,0,0.2571,,,0.5166
720k->1200k,R1,3731,10,0.0766,0.0126,0.2043,0.2428
720k->1200k,R1,3731,25,0.0744,0.0249,0.1788,0.2347
720k->1200k,R1,3731,50,0.0626,0.0277,0.1205,0.2154
720k->1200k,R1,3731,100,0.0622,0.0368,0.0998,0.2144
720k->1200k,R1,3731,200,0.0607,0.0412,0.0861,0.2101
720k->1200k,R1,3731,400,0.0579,0.0438,0.0737,0.2079
720k->1200k,R2,3731,0,0.0075,,,0.0225
720k->1200k,R2,3731,10,0.0605,0.0098,0.1585,0.0932
720k->1200k,R2,3731,25,0.0471,0.0133,0.1084,0.0772
720k->1200k,R2,3731,50,0.0405,0.0171,0.0870,0.0750
720k->1200k,R2,3731,100,0.0473,0.0282,0.0768,0.0772
720k->1200k,R2,3731,200,0.0429,0.0289,0.0625,0.0772
720k->1200k,R2,3731,400,0.0388,0.0281,0.0535,0.0750
1200k->720k,R1,1785,0,0.0039,,,0.0020
1200k->720k,R1,1785,10,0.0775,0.0145,0.2500,0.0699
1200k->720k,R1,1785,25,0.0579,0.0185,0.1367,0.0519
1200k->720k,R1,1785,50,0.0532,0.0219,0.0958,0.0489
1200k->720k,R1,1785,100,0.0567,0.0328,0.0888,0.0519
1200k->720k,R1,1785,200,0.0513,0.0345,0.0777,0.0479
1200k->720k,R1,1785,400,0.0514,0.0392,0.0722,0.0479
1200k->720k,R2,1785,0,0.0004,,,0.0020
1200k->720k,R2,1785,10,0.0760,0.0087,0.2184,0.2635
1200k->720k,R2,1785,25,0.0632,0.0241,0.1690,0.2435
1200k->720k,R2,1785,50,0.0485,0.0215,0.0993,0.2136
1200k->720k,R2,1785,100,0.0535,0.0306,0.0919,0.2255
1200k->720k,R2,1785,200,0.0494,0.0321,0.0706,0.2136
1200k->720k,R2,1785,400,0.0490,0.0371,0.0663,0.2136
lake->sea,R1,2251,0,0.0164,,,
lake->sea,R1,2251,10,0.0727,0.0094,0.2861,
lake->sea,R1,2251,25,0.0719,0.0233,0.1623,
lake->sea,R1,2251,50,0.0550,0.0243,0.1087,
lake->sea,R1,2251,100,0.0530,0.0302,0.0955,
lake->sea,R1,2251,200,0.0527,0.0346,0.0718,
lake->sea,R1,2251,400,0.0502,0.0346,0.0681,
lake->sea,R2,2251,0,0.0595,,,
lake->sea,R2,2251,10,0.0788,0.0107,0.4129,
lake->sea,R2,2251,25,0.0712,0.0219,0.1910,
lake->sea,R2,2251,50,0.0516,0.0200,0.1213,
lake->sea,R2,2251,100,0.0602,0.0316,0.1002,
lake->sea,R2,2251,200,0.0546,0.0315,0.0771,
lake->sea,R2,2251,400,0.0505,0.0378,0.0709,
