eval,rung,band_m,bodies,fa_per_frame,body_sessions,recall,recall_lo,recall_hi
cross-session,R0,0-6,686,0.0069,6,0.1210,0.0000,0.2588
cross-session,R0,6-9,80,0.0242,10,0.0000,0.0000,0.0000
cross-session,R0,9-12,665,0.0184,4,0.0241,0.0004,0.1538
cross-session,R0,12-30,3,0.0005,1,0.0000,,
cross-session,R1,0-6,686,0.0047,6,0.1778,0.0045,0.4000
cross-session,R1,6-9,80,0.0090,10,0.0375,0.0000,0.0968
cross-session,R1,9-12,665,0.0354,4,0.0917,0.0019,0.3846
cross-session,R1,12-30,3,0.0008,1,0.0000,,
cross-session,R2,0-6,686,0.0178,6,0.4942,0.3211,0.6278
cross-session,R2,6-9,80,0.0161,10,0.3250,0.1528,0.5053
cross-session,R2,9-12,665,0.0148,4,0.3398,0.1589,0.9231
cross-session,R2,12-30,3,0.0012,1,0.0000,,
720k->1200k,R0,0-6,462,0.0139,3,0.1364,0.0915,0.2857
720k->1200k,R0,6-9,51,0.0234,6,0.0000,0.0000,0.0000
720k->1200k,R0,9-12,420,0.0122,3,0.0167,0.0000,0.0215
720k->1200k,R0,12-30,0,0.0004,0,,,
720k->1200k,R1,0-6,462,0.0157,3,0.2900,0.2667,0.5429
720k->1200k,R1,6-9,51,0.0103,6,0.0392,0.0000,0.0769
720k->1200k,R1,9-12,420,0.0236,3,0.1024,0.0920,0.3077
720k->1200k,R1,12-30,0,0.0004,0,,,
720k->1200k,R2,0-6,462,0.0292,3,0.0628,0.0491,0.1429
720k->1200k,R2,6-9,51,0.0118,6,0.1765,0.0000,0.3452
720k->1200k,R2,9-12,420,0.0081,3,0.0857,0.0247,0.1012
720k->1200k,R2,12-30,0,0.0009,0,,,
1200k->720k,R0,0-6,224,0.0184,3,0.0357,0.0000,0.0367
1200k->720k,R0,6-9,29,0.0254,4,0.0000,0.0000,0.0000
1200k->720k,R0,9-12,245,0.0061,1,0.0000,,
1200k->720k,R0,12-30,3,0.0000,1,0.0000,,
1200k->720k,R1,0-6,224,0.0293,3,0.0938,0.0000,0.2000
1200k->720k,R1,6-9,29,0.0166,4,0.0000,0.0000,0.0000
1200k->720k,R1,9-12,245,0.0026,1,0.0122,,
1200k->720k,R1,12-30,3,0.0013,1,0.0000,,
1200k->720k,R2,0-6,224,0.0197,3,0.3348,0.0000,0.4000
1200k->720k,R2,6-9,29,0.0210,4,0.0690,0.0000,1.0000
1200k->720k,R2,9-12,245,0.0066,1,0.1224,,
1200k->720k,R2,12-30,3,0.0026,1,0.0000,,
