eval,rung,p_mean,observed,n
cross-session,R1,0.00016,0.00000,542
cross-session,R1,0.00141,0.00000,106
cross-session,R1,0.00261,0.01393,359
cross-session,R1,0.00480,0.01599,3065
cross-session,R1,0.00818,0.01220,32040
cross-session,R1,0.01323,0.01183,50220
cross-session,R1,0.02272,0.02488,17888
cross-session,R1,0.04092,0.05507,6519
cross-session,R1,0.07533,0.08495,3449
cross-session,R1,0.13175,0.13294,2219
cross-session,R1,0.23351,0.27383,1154
cross-session,R1,0.41289,0.36398,522
cross-session,R1,0.66510,0.36232,138
cross-session,R2,0.00032,0.00039,50820
cross-session,R2,0.00136,0.00298,10726
cross-session,R2,0.00241,0.00393,11456
cross-session,R2,0.00426,0.00678,11656
cross-session,R2,0.00754,0.01711,10230
cross-session,R2,0.01328,0.02744,8054
cross-session,R2,0.02359,0.05265,5603
cross-session,R2,0.04193,0.09160,3690
cross-session,R2,0.07462,0.14004,2385
cross-session,R2,0.13222,0.23851,1501
cross-session,R2,0.23430,0.35524,974
cross-session,R2,0.42090,0.57427,653
cross-session,R2,0.75728,0.78013,473
720k->1200k,R1,0.00009,0.00000,429
720k->1200k,R1,0.00137,0.00000,37
720k->1200k,R1,0.00251,0.00000,53
720k->1200k,R1,0.00468,0.00000,126
720k->1200k,R1,0.00886,0.00988,5161
720k->1200k,R1,0.01373,0.01038,34014
720k->1200k,R1,0.02324,0.00902,26285
720k->1200k,R1,0.04085,0.01894,10877
720k->1200k,R1,0.07385,0.04205,4732
720k->1200k,R1,0.13253,0.06705,2923
720k->1200k,R1,0.23571,0.13907,1733
720k->1200k,R1,0.41727,0.26178,1104
720k->1200k,R1,0.68431,0.45787,356
720k->1200k,R2,0.00027,0.01106,67426
720k->1200k,R2,0.00133,0.04044,6430
720k->1200k,R2,0.00237,0.04778,4625
720k->1200k,R2,0.00419,0.05285,3349
720k->1200k,R2,0.00745,0.05266,2108
720k->1200k,R2,0.01333,0.05646,1417
720k->1200k,R2,0.02346,0.08397,917
720k->1200k,R2,0.04158,0.11830,634
720k->1200k,R2,0.07473,0.17718,412
720k->1200k,R2,0.13272,0.19728,294
720k->1200k,R2,0.22733,0.20915,153
720k->1200k,R2,0.40049,0.36364,55
1200k->720k,R1,0.00044,0.00380,263
1200k->720k,R1,0.00141,0.02414,290
1200k->720k,R1,0.00259,0.01547,1099
1200k->720k,R1,0.00452,0.01083,4525
1200k->720k,R1,0.00792,0.01611,11361
1200k->720k,R1,0.01290,0.02590,11660
1200k->720k,R1,0.02329,0.04095,4420
1200k->720k,R1,0.04210,0.03818,3457
1200k->720k,R1,0.07141,0.05987,1403
1200k->720k,R1,0.12856,0.16274,424
1200k->720k,R1,0.22554,0.17054,129
1200k->720k,R1,0.38794,0.13333,30
1200k->720k,R2,0.00032,0.00516,27890
1200k->720k,R2,0.00133,0.02491,4295
1200k->720k,R2,0.00236,0.05604,2766
1200k->720k,R2,0.00418,0.08853,1875
1200k->720k,R2,0.00744,0.12264,1060
1200k->720k,R2,0.01307,0.19741,618
1200k->720k,R2,0.02364,0.29758,289
1200k->720k,R2,0.04072,0.44275,131
1200k->720k,R2,0.07385,0.61905,63
1200k->720k,R2,0.13178,0.63158,38
1200k->720k,R2,0.24060,0.53846,26
