site,bottom,day,slot,placement_id,kind,range_m,pose,clothing,passes,frequencies,aspect
S1,mud,1,1,S1D1-01,empty_sweep,0,-,-,3,low+high,-
S1,mud,1,2,S1D1-02,confuser,50,tyre,-,3,low+high,"random heading, logged"
S1,mud,1,3,S1D1-03,body,10,curled,light,3,low+high,"random heading, logged"
S1,mud,1,4,S1D1-04,confuser,10,debris_bag,-,3,low+high,"random heading, logged"
S1,mud,1,5,S1D1-05,body,20,curled,light,3,low+high,"random heading, logged"
S1,mud,1,6,S1D1-06,body,20,curled,heavy,3,low+high,"random heading, logged"
S1,mud,1,7,S1D1-07,body,10,supine,light,3,low+high,"random heading, logged"
S1,mud,1,8,S1D1-08,body,10,prone,heavy,3,low+high,"random heading, logged"
S1,mud,1,9,S1D1-09,body,20,prone,light,3,low+high,"random heading, logged"
S1,mud,1,10,S1D1-10,body,50,supine,heavy,3,low+high,"random heading, logged"
S1,mud,1,11,S1D1-11,body,10,supine,heavy,3,low+high,"random heading, logged"
S1,mud,1,12,S1D1-12,confuser,20,rock_pile,-,3,low+high,"random heading, logged"
S1,mud,1,13,S1D1-13,body,20,supine,light,3,low+high,"random heading, logged"
S1,mud,1,14,S1D1-14,body,10,prone,light,3,low+high,"random heading, logged"
S1,mud,1,15,S1D1-15,body,50,curled,light,3,low+high,"random heading, logged"
S1,mud,1,16,S1D1-16,body,50,prone,light,3,low+high,"random heading, logged"
S1,mud,1,17,S1D1-17,confuser,20,log,-,3,low+high,"random heading, logged"
S1,mud,1,18,S1D1-18,body,50,prone,heavy,3,low+high,"random heading, logged"
S1,mud,1,19,S1D1-19,body,20,prone,heavy,3,low+high,"random heading, logged"
S1,mud,1,20,S1D1-20,body,10,curled,heavy,3,low+high,"random heading, logged"
S1,mud,1,21,S1D1-21,body,50,curled,heavy,3,low+high,"random heading, logged"
S1,mud,1,22,S1D1-22,body,50,supine,light,3,low+high,"random heading, logged"
S1,mud,1,23,S1D1-23,body,20,supine,heavy,3,low+high,"random heading, logged"
S1,mud,1,24,S1D1-24,empty_sweep,0,-,-,3,low+high,-
S1,mud,2,1,S1D2-01,empty_sweep,0,-,-,3,low+high,-
S1,mud,2,2,S1D2-02,body,10,supine,light,3,low+high,"random heading, logged"
S1,mud,2,3,S1D2-03,body,50,supine,light,3,low+high,"random heading, logged"
S1,mud,2,4,S1D2-04,body,10,curled,light,3,low+high,"random heading, logged"
S1,mud,2,5,S1D2-05,confuser,10,rock_pile,-,3,low+high,"random heading, logged"
S1,mud,2,6,S1D2-06,confuser,20,log,-,3,low+high,"random heading, logged"
S1,mud,2,7,S1D2-07,body,20,prone,heavy,3,low+high,"random heading, logged"
S1,mud,2,8,S1D2-08,body,20,curled,heavy,3,low+high,"random heading, logged"
S1,mud,2,9,S1D2-09,body,10,prone,heavy,3,low+high,"random heading, logged"
S1,mud,2,10,S1D2-10,confuser,20,tyre,-,3,low+high,"random heading, logged"
S1,mud,2,11,S1D2-11,confuser,10,debris_bag,-,3,low+high,"random heading, logged"
S1,mud,2,12,S1D2-12,body,50,prone,light,3,low+high,"random heading, logged"
S1,mud,2,13,S1D2-13,body,50,supine,heavy,3,low+high,"random heading, logged"
S1,mud,2,14,S1D2-14,body,20,prone,light,3,low+high,"random heading, logged"
S1,mud,2,15,S1D2-15,body,50,prone,heavy,3,low+high,"random heading, logged"
S1,mud,2,16,S1D2-16,body,20,curled,light,3,low+high,"random heading, logged"
S1,mud,2,17,S1D2-17,body,10,supine,heavy,3,low+high,"random heading, logged"
S1,mud,2,18,S1D2-18,body,10,curled,heavy,3,low+high,"random heading, logged"
S1,mud,2,19,S1D2-19,body,50,curled,light,3,low+high,"random heading, logged"
S1,mud,2,20,S1D2-20,body,50,curled,heavy,3,low+high,"random heading, logged"
S1,mud,2,21,S1D2-21,body,20,supine,heavy,3,low+high,"random heading, logged"
S1,mud,2,22,S1D2-22,body,20,supine,light,3,low+high,"random heading, logged"
S1,mud,2,23,S1D2-23,body,10,prone,light,3,low+high,"random heading, logged"
S1,mud,2,24,S1D2-24,empty_sweep,0,-,-,3,low+high,-
S2,sand,1,1,S2D1-01,empty_sweep,0,-,-,3,low+high,-
S2,sand,1,2,S2D1-02,body,50,supine,light,3,low+high,"random heading, logged"
S2,sand,1,3,S2D1-03,body,50,supine,heavy,3,low+high,"random heading, logged"
S2,sand,1,4,S2D1-04,body,20,supine,light,3,low+high,"random heading, logged"
S2,sand,1,5,S2D1-05,body,10,prone,light,3,low+high,"random heading, logged"
S2,sand,1,6,S2D1-06,body,20,prone,light,3,low+high,"random heading, logged"
S2,sand,1,7,S2D1-07,body,10,curled,light,3,low+high,"random heading, logged"
S2,sand,1,8,S2D1-08,body,10,prone,heavy,3,low+high,"random heading, logged"
S2,sand,1,9,S2D1-09,body,20,prone,heavy,3,low+high,"random heading, logged"
S2,sand,1,10,S2D1-10,body,10,curled,heavy,3,low+high,"random heading, logged"
S2,sand,1,11,S2D1-11,confuser,50,log,-,3,low+high,"random heading, logged"
S2,sand,1,12,S2D1-12,body,50,curled,light,3,low+high,"random heading, logged"
S2,sand,1,13,S2D1-13,confuser,50,tyre,-,3,low+high,"random heading, logged"
S2,sand,1,14,S2D1-14,body,20,curled,light,3,low+high,"random heading, logged"
S2,sand,1,15,S2D1-15,confuser,10,rock_pile,-,3,low+high,"random heading, logged"
S2,sand,1,16,S2D1-16,body,10,supine,light,3,low+high,"random heading, logged"
S2,sand,1,17,S2D1-17,body,20,supine,heavy,3,low+high,"random heading, logged"
S2,sand,1,18,S2D1-18,body,10,supine,heavy,3,low+high,"random heading, logged"
S2,sand,1,19,S2D1-19,confuser,50,debris_bag,-,3,low+high,"random heading, logged"
S2,sand,1,20,S2D1-20,body,50,prone,heavy,3,low+high,"random heading, logged"
S2,sand,1,21,S2D1-21,body,20,curled,heavy,3,low+high,"random heading, logged"
S2,sand,1,22,S2D1-22,body,50,curled,heavy,3,low+high,"random heading, logged"
S2,sand,1,23,S2D1-23,body,50,prone,light,3,low+high,"random heading, logged"
S2,sand,1,24,S2D1-24,empty_sweep,0,-,-,3,low+high,-
S2,sand,2,1,S2D2-01,empty_sweep,0,-,-,3,low+high,-
S2,sand,2,2,S2D2-02,body,10,curled,light,3,low+high,"random heading, logged"
S2,sand,2,3,S2D2-03,body,20,prone,heavy,3,low+high,"random heading, logged"
S2,sand,2,4,S2D2-04,body,10,curled,heavy,3,low+high,"random heading, logged"
S2,sand,2,5,S2D2-05,body,50,prone,heavy,3,low+high,"random heading, logged"
S2,sand,2,6,S2D2-06,body,10,prone,heavy,3,low+high,"random heading, logged"
S2,sand,2,7,S2D2-07,confuser,50,debris_bag,-,3,low+high,"random heading, logged"
S2,sand,2,8,S2D2-08,body,50,supine,light,3,low+high,"random heading, logged"
S2,sand,2,9,S2D2-09,body,10,supine,heavy,3,low+high,"random heading, logged"
S2,sand,2,10,S2D2-10,body,10,supine,light,3,low+high,"random heading, logged"
S2,sand,2,11,S2D2-11,body,10,prone,light,3,low+high,"random heading, logged"
S2,sand,2,12,S2D2-12,body,50,curled,light,3,low+high,"random heading, logged"
S2,sand,2,13,S2D2-13,body,50,curled,heavy,3,low+high,"random heading, logged"
S2,sand,2,14,S2D2-14,body,20,curled,heavy,3,low+high,"random heading, logged"
S2,sand,2,15,S2D2-15,body,20,curled,light,3,low+high,"random heading, logged"
S2,sand,2,16,S2D2-16,confuser,50,tyre,-,3,low+high,"random heading, logged"
S2,sand,2,17,S2D2-17,body,20,supine,light,3,low+high,"random heading, logged"
S2,sand,2,18,S2D2-18,body,50,prone,light,3,low+high,"random heading, logged"
S2,sand,2,19,S2D2-19,body,20,supine,heavy,3,low+high,"random heading, logged"
S2,sand,2,20,S2D2-20,body,50,supine,heavy,3,low+high,"random heading, logged"
S2,sand,2,21,S2D2-21,confuser,10,rock_pile,-,3,low+high,"random heading, logged"
S2,sand,2,22,S2D2-22,confuser,10,log,-,3,low+high,"random heading, logged"
S2,sand,2,23,S2D2-23,body,20,prone,light,3,low+high,"random heading, logged"
S2,sand,2,24,S2D2-24,empty_sweep,0,-,-,3,low+high,-
S3,rock,1,1,S3D1-01,empty_sweep,0,-,-,3,low+high,-
S3,rock,1,2,S3D1-02,body,20,supine,heavy,3,low+high,"random heading, logged"
S3,rock,1,3,S3D1-03,body,50,curled,heavy,3,low+high,"random heading, logged"
S3,rock,1,4,S3D1-04,body,20,prone,light,3,low+high,"random heading, logged"
S3,rock,1,5,S3D1-05,body,20,curled,light,3,low+high,"random heading, logged"
S3,rock,1,6,S3D1-06,body,50,supine,light,3,low+high,"random heading, logged"
S3,rock,1,7,S3D1-07,confuser,50,tyre,-,3,low+high,"random heading, logged"
S3,rock,1,8,S3D1-08,body,10,curled,light,3,low+high,"random heading, logged"
S3,rock,1,9,S3D1-09,body,50,prone,heavy,3,low+high,"random heading, logged"
S3,rock,1,10,S3D1-10,confuser,20,debris_bag,-,3,low+high,"random heading, logged"
S3,rock,1,11,S3D1-11,confuser,50,log,-,3,low+high,"random heading, logged"
S3,rock,1,12,S3D1-12,body,10,supine,light,3,low+high,"random heading, logged"
S3,rock,1,13,S3D1-13,body,20,supine,light,3,low+high,"random heading, logged"
S3,rock,1,14,S3D1-14,body,10,prone,heavy,3,low+high,"random heading, logged"
S3,rock,1,15,S3D1-15,body,10,prone,light,3,low+high,"random heading, logged"
S3,rock,1,16,S3D1-16,body,20,curled,heavy,3,low+high,"random heading, logged"
S3,rock,1,17,S3D1-17,body,10,supine,heavy,3,low+high,"random heading, logged"
S3,rock,1,18,S3D1-18,confuser,10,rock_pile,-,3,low+high,"random heading, logged"
S3,rock,1,19,S3D1-19,body,50,curled,light,3,low+high,"random heading, logged"
S3,rock,1,20,S3D1-20,body,10,curled,heavy,3,low+high,"random heading, logged"
S3,rock,1,21,S3D1-21,body,50,supine,heavy,3,low+high,"random heading, logged"
S3,rock,1,22,S3D1-22,body,20,prone,heavy,3,low+high,"random heading, logged"
S3,rock,1,23,S3D1-23,body,50,prone,light,3,low+high,"random heading, logged"
S3,rock,1,24,S3D1-24,empty_sweep,0,-,-,3,low+high,-
S3,rock,2,1,S3D2-01,empty_sweep,0,-,-,3,low+high,-
S3,rock,2,2,S3D2-02,confuser,10,log,-,3,low+high,"random heading, logged"
S3,rock,2,3,S3D2-03,confuser,20,tyre,-,3,low+high,"random heading, logged"
S3,rock,2,4,S3D2-04,body,50,curled,heavy,3,low+high,"random heading, logged"
S3,rock,2,5,S3D2-05,body,50,curled,light,3,low+high,"random heading, logged"
S3,rock,2,6,S3D2-06,body,10,prone,heavy,3,low+high,"random heading, logged"
S3,rock,2,7,S3D2-07,body,10,curled,light,3,low+high,"random heading, logged"
S3,rock,2,8,S3D2-08,confuser,50,rock_pile,-,3,low+high,"random heading, logged"
S3,rock,2,9,S3D2-09,body,50,supine,light,3,low+high,"random heading, logged"
S3,rock,2,10,S3D2-10,body,20,curled,light,3,low+high,"random heading, logged"
S3,rock,2,11,S3D2-11,body,20,prone,heavy,3,low+high,"random heading, logged"
S3,rock,2,12,S3D2-12,body,10,supine,light,3,low+high,"random heading, logged"
S3,rock,2,13,S3D2-13,body,10,curled,heavy,3,low+high,"random heading, logged"
S3,rock,2,14,S3D2-14,body,20,prone,light,3,low+high,"random heading, logged"
S3,rock,2,15,S3D2-15,body,10,supine,heavy,3,low+high,"random heading, logged"
S3,rock,2,16,S3D2-16,body,50,prone,heavy,3,low+high,"random heading, logged"
S3,rock,2,17,S3D2-17,confuser,10,debris_bag,-,3,low+high,"random heading, logged"
S3,rock,2,18,S3D2-18,body,50,supine,heavy,3,low+high,"random heading, logged"
S3,rock,2,19,S3D2-19,body,20,supine,heavy,3,low+high,"random heading, logged"
S3,rock,2,20,S3D2-20,body,20,curled,heavy,3,low+high,"random heading, logged"
S3,rock,2,21,S3D2-21,body,50,prone,light,3,low+high,"random heading, logged"
S3,rock,2,22,S3D2-22,body,20,supine,light,3,low+high,"random heading, logged"
S3,rock,2,23,S3D2-23,body,10,prone,light,3,low+high,"random heading, logged"
S3,rock,2,24,S3D2-24,empty_sweep,0,-,-,3,low+high,-
S4,weed,1,1,S4D1-01,empty_sweep,0,-,-,3,low+high,-
S4,weed,1,2,S4D1-02,body,50,supine,heavy,3,low+high,"random heading, logged"
S4,weed,1,3,S4D1-03,body,50,curled,heavy,3,low+high,"random heading, logged"
S4,weed,1,4,S4D1-04,body,10,supine,light,3,low+high,"random heading, logged"
S4,weed,1,5,S4D1-05,body,10,prone,light,3,low+high,"random heading, logged"
S4,weed,1,6,S4D1-06,confuser,20,debris_bag,-,3,low+high,"random heading, logged"
S4,weed,1,7,S4D1-07,body,10,curled,light,3,low+high,"random heading, logged"
S4,weed,1,8,S4D1-08,body,20,prone,light,3,low+high,"random heading, logged"
S4,weed,1,9,S4D1-09,body,10,supine,heavy,3,low+high,"random heading, logged"
S4,weed,1,10,S4D1-10,body,10,prone,heavy,3,low+high,"random heading, logged"
S4,weed,1,11,S4D1-11,body,10,curled,heavy,3,low+high,"random heading, logged"
S4,weed,1,12,S4D1-12,body,20,supine,light,3,low+high,"random heading, logged"
S4,weed,1,13,S4D1-13,body,20,prone,heavy,3,low+high,"random heading, logged"
S4,weed,1,14,S4D1-14,body,50,prone,heavy,3,low+high,"random heading, logged"
S4,weed,1,15,S4D1-15,confuser,10,tyre,-,3,low+high,"random heading, logged"
S4,weed,1,16,S4D1-16,confuser,50,rock_pile,-,3,low+high,"random heading, logged"
S4,weed,1,17,S4D1-17,body,50,prone,light,3,low+high,"random heading, logged"
S4,weed,1,18,S4D1-18,body,50,curled,light,3,low+high,"random heading, logged"
S4,weed,1,19,S4D1-19,body,20,curled,light,3,low+high,"random heading, logged"
S4,weed,1,20,S4D1-20,body,50,supine,light,3,low+high,"random heading, logged"
S4,weed,1,21,S4D1-21,confuser,20,log,-,3,low+high,"random heading, logged"
S4,weed,1,22,S4D1-22,body,20,supine,heavy,3,low+high,"random heading, logged"
S4,weed,1,23,S4D1-23,body,20,curled,heavy,3,low+high,"random heading, logged"
S4,weed,1,24,S4D1-24,empty_sweep,0,-,-,3,low+high,-
S4,weed,2,1,S4D2-01,empty_sweep,0,-,-,3,low+high,-
S4,weed,2,2,S4D2-02,body,20,curled,heavy,3,low+high,"random heading, logged"
S4,weed,2,3,S4D2-03,body,20,supine,heavy,3,low+high,"random heading, logged"
S4,weed,2,4,S4D2-04,confuser,10,debris_bag,-,3,low+high,"random heading, logged"
S4,weed,2,5,S4D2-05,body,10,curled,light,3,low+high,"random heading, logged"
S4,weed,2,6,S4D2-06,body,50,prone,light,3,low+high,"random heading, logged"
S4,weed,2,7,S4D2-07,body,10,prone,light,3,low+high,"random heading, logged"
S4,weed,2,8,S4D2-08,confuser,10,log,-,3,low+high,"random heading, logged"
S4,weed,2,9,S4D2-09,body,50,supine,heavy,3,low+high,"random heading, logged"
S4,weed,2,10,S4D2-10,body,20,supine,light,3,low+high,"random heading, logged"
S4,weed,2,11,S4D2-11,body,10,prone,heavy,3,low+high,"random heading, logged"
S4,weed,2,12,S4D2-12,body,20,prone,heavy,3,low+high,"random heading, logged"
S4,weed,2,13,S4D2-13,body,50,curled,light,3,low+high,"random heading, logged"
S4,weed,2,14,S4D2-14,body,10,curled,heavy,3,low+high,"random heading, logged"
S4,weed,2,15,S4D2-15,body,50,prone,heavy,3,low+high,"random heading, logged"
S4,weed,2,16,S4D2-16,body,10,supine,light,3,low+high,"random heading, logged"
S4,weed,2,17,S4D2-17,body,10,supine,heavy,3,low+high,"random heading, logged"
S4,weed,2,18,S4D2-18,body,50,supine,light,3,low+high,"random heading, logged"
S4,weed,2,19,S4D2-19,body,20,prone,light,3,low+high,"random heading, logged"
S4,weed,2,20,S4D2-20,confuser,50,rock_pile,-,3,low+high,"random heading, logged"
S4,weed,2,21,S4D2-21,body,50,curled,heavy,3,low+high,"random heading, logged"
S4,weed,2,22,S4D2-22,confuser,10,tyre,-,3,low+high,"random heading, logged"
S4,weed,2,23,S4D2-23,body,20,curled,light,3,low+high,"random heading, logged"
S4,weed,2,24,S4D2-24,empty_sweep,0,-,-,3,low+high,-
