baseline_recall,difference,looks_per_placement,icc,looks_independent,design_effect,placements_per_arm
0.4,0.1,1,0.121,387.3,1.0,388
0.4,0.1,1,0.5,387.3,1.0,388
0.4,0.1,1,0.8,387.3,1.0,388
0.4,0.1,10,0.121,387.3,2.09,81
0.4,0.1,10,0.5,387.3,5.5,214
0.4,0.1,10,0.8,387.3,8.2,318
0.4,0.1,30,0.121,387.3,4.5,59
0.4,0.1,30,0.5,387.3,15.5,201
0.4,0.1,30,0.8,387.3,24.2,313
0.4,0.15,1,0.121,172.8,1.0,173
0.4,0.15,1,0.5,172.8,1.0,173
0.4,0.15,1,0.8,172.8,1.0,173
0.4,0.15,10,0.121,172.8,2.09,37
0.4,0.15,10,0.5,172.8,5.5,96
0.4,0.15,10,0.8,172.8,8.2,142
0.4,0.15,30,0.121,172.8,4.5,26
0.4,0.15,30,0.5,172.8,15.5,90
0.4,0.15,30,0.8,172.8,24.2,140
0.4,0.2,1,0.121,96.9,1.0,97
0.4,0.2,1,0.5,96.9,1.0,97
0.4,0.2,1,0.8,96.9,1.0,97
0.4,0.2,10,0.121,96.9,2.09,21
0.4,0.2,10,0.5,96.9,5.5,54
0.4,0.2,10,0.8,96.9,8.2,80
0.4,0.2,30,0.121,96.9,4.5,15
0.4,0.2,30,0.5,96.9,15.5,51
0.4,0.2,30,0.8,96.9,24.2,79
0.7,0.1,1,0.121,293.2,1.0,294
0.7,0.1,1,0.5,293.2,1.0,294
0.7,0.1,1,0.8,293.2,1.0,294
0.7,0.1,10,0.121,293.2,2.09,62
0.7,0.1,10,0.5,293.2,5.5,162
0.7,0.1,10,0.8,293.2,8.2,241
0.7,0.1,30,0.121,293.2,4.5,44
0.7,0.1,30,0.5,293.2,15.5,152
0.7,0.1,30,0.8,293.2,24.2,237
0.7,0.15,1,0.121,120.5,1.0,121
0.7,0.15,1,0.5,120.5,1.0,121
0.7,0.15,1,0.8,120.5,1.0,121
0.7,0.15,10,0.121,120.5,2.09,26
0.7,0.15,10,0.5,120.5,5.5,67
0.7,0.15,10,0.8,120.5,8.2,99
0.7,0.15,30,0.121,120.5,4.5,19
0.7,0.15,30,0.5,120.5,15.5,63
0.7,0.15,30,0.8,120.5,24.2,98
0.7,0.2,1,0.121,61.6,1.0,62
0.7,0.2,1,0.5,61.6,1.0,62
0.7,0.2,1,0.8,61.6,1.0,62
0.7,0.2,10,0.121,61.6,2.09,13
0.7,0.2,10,0.5,61.6,5.5,34
0.7,0.2,10,0.8,61.6,8.2,51
0.7,0.2,30,0.121,61.6,4.5,10
0.7,0.2,30,0.5,61.6,15.5,32
0.7,0.2,30,0.8,61.6,24.2,50
