site,date,run,deployment,target,unlabelled,unlisted
bathampton_canal,5_oct_2017,run1,alt,14,0,0
bathampton_canal,5_oct_2017,run1,main,22,0,130
dundas_aqueduct,17_jun_2021,run1,main,0,100,0
minerva_bath_rowing_club,9_july_2021,run1,main,0,100,0
minerva_bath_rowing_club,9_july_2021,run2,main,0,68,0
minerva_bath_rowing_club,9_july_2021,run3,main,0,96,0
underfall_yard,10_oct_2019,run1,main,0,70,0
underfall_yard,10_oct_2019,run2,main,0,72,0
underfall_yard,10_oct_2019,run3,main,0,70,0
underfall_yard,14_jul_2021,run1,main,0,144,0
underfall_yard,14_jul_2021,run2,main,0,42,0
underfall_yard,2_oct_2019,run1,main,13,0,19
underfall_yard,2_oct_2019,run2,main,24,0,0
underfall_yard,3_jan_2020,run1,main,0,20,0
underfall_yard,3_jan_2020,run2,main,0,32,0
underfall_yard,3_jan_2020,run3,main,0,36,0
underfall_yard,6_mar_2020,run1,main,0,142,0
underfall_yard,6_mar_2020,run2,main,0,70,0
underfall_yard,8_apr_2022,run1,main,0,128,0
