split,fold,rung,fapf,recall
random,pooled,R0,0.0050,0.0063
random,pooled,R0,0.0100,0.0181
random,pooled,R0,0.0200,0.0307
random,pooled,R0,0.0500,0.0635
random,pooled,R0,0.1000,0.1123
random,pooled,R0,0.2000,0.1778
random,pooled,R0,0.5000,0.3556
random,pooled,R0,1.0000,0.6158
random,pooled,R1,0.0050,0.0370
random,pooled,R1,0.0100,0.0551
random,pooled,R1,0.0200,0.0886
random,pooled,R1,0.0500,0.1625
random,pooled,R1,0.1000,0.2483
random,pooled,R1,0.2000,0.3870
random,pooled,R1,0.5000,0.6032
random,pooled,R1,1.0000,0.7755
random,pooled,R2,0.0050,0.5446
random,pooled,R2,0.0100,0.6667
random,pooled,R2,0.0200,0.7768
random,pooled,R2,0.0500,0.8598
random,pooled,R2,0.1000,0.9191
random,pooled,R2,0.2000,0.9554
random,pooled,R2,0.5000,0.9805
random,pooled,R2,1.0000,0.9888
cross-session,pooled,R0,0.0050,0.0063
cross-session,pooled,R0,0.0100,0.0195
cross-session,pooled,R0,0.0200,0.0328
cross-session,pooled,R0,0.0500,0.0690
cross-session,pooled,R0,0.1000,0.1227
cross-session,pooled,R0,0.2000,0.1876
cross-session,pooled,R0,0.5000,0.3633
cross-session,pooled,R0,1.0000,0.6192
cross-session,pooled,R1,0.0050,0.0146
cross-session,pooled,R1,0.0100,0.0265
cross-session,pooled,R1,0.0200,0.0530
cross-session,pooled,R1,0.0500,0.1297
cross-session,pooled,R1,0.1000,0.2364
cross-session,pooled,R1,0.2000,0.3780
cross-session,pooled,R1,0.5000,0.5544
cross-session,pooled,R1,1.0000,0.6904
cross-session,pooled,R2,0.0050,0.1185
cross-session,pooled,R2,0.0100,0.1911
cross-session,pooled,R2,0.0200,0.2573
cross-session,pooled,R2,0.0500,0.4121
cross-session,pooled,R2,0.1000,0.5356
cross-session,pooled,R2,0.2000,0.6590
cross-session,pooled,R2,0.5000,0.8215
cross-session,pooled,R2,1.0000,0.9114
cross-session,pooled,R2-raw,0.0050,0.1060
cross-session,pooled,R2-raw,0.0100,0.1492
cross-session,pooled,R2-raw,0.0200,0.2113
cross-session,pooled,R2-raw,0.0500,0.3508
cross-session,pooled,R2-raw,0.1000,0.4505
cross-session,pooled,R2-raw,0.2000,0.6088
cross-session,pooled,R2-raw,0.5000,0.7866
cross-session,pooled,R2-raw,1.0000,0.8982
cross-session,pooled,R2-no-shadow,0.0050,0.0823
cross-session,pooled,R2-no-shadow,0.0100,0.1360
cross-session,pooled,R2-no-shadow,0.0200,0.2064
cross-session,pooled,R2-no-shadow,0.0500,0.3208
cross-session,pooled,R2-no-shadow,0.1000,0.4219
cross-session,pooled,R2-no-shadow,0.2000,0.5649
cross-session,pooled,R2-no-shadow,0.5000,0.7629
cross-session,pooled,R2-no-shadow,1.0000,0.8738
cross-session,pooled,R2-no-extent,0.0050,0.1918
cross-session,pooled,R2-no-extent,0.0100,0.2420
cross-session,pooled,R2-no-extent,0.0200,0.3271
cross-session,pooled,R2-no-extent,0.0500,0.4219
cross-session,pooled,R2-no-extent,0.1000,0.5195
cross-session,pooled,R2-no-extent,0.2000,0.5990
cross-session,pooled,R2-no-extent,0.5000,0.7315
cross-session,pooled,R2-no-extent,1.0000,0.8333
cross-session,pooled,R2-no-highlights,0.0050,0.1032
cross-session,pooled,R2-no-highlights,0.0100,0.1576
cross-session,pooled,R2-no-highlights,0.0200,0.2427
cross-session,pooled,R2-no-highlights,0.0500,0.3773
cross-session,pooled,R2-no-highlights,0.1000,0.4972
cross-session,pooled,R2-no-highlights,0.2000,0.6276
cross-session,pooled,R2-no-highlights,0.5000,0.7936
cross-session,pooled,R2-no-highlights,1.0000,0.9093
cross-session,pooled,R2-no-level,0.0050,0.1241
cross-session,pooled,R2-no-level,0.0100,0.1660
cross-session,pooled,R2-no-level,0.0200,0.2225
cross-session,pooled,R2-no-level,0.0500,0.3236
cross-session,pooled,R2-no-level,0.1000,0.4331
cross-session,pooled,R2-no-level,0.2000,0.5481
cross-session,pooled,R2-no-level,0.5000,0.6939
cross-session,pooled,R2-no-level,1.0000,0.8215
cross-session,pooled,R2-no-texture,0.0050,0.1060
cross-session,pooled,R2-no-texture,0.0100,0.1674
cross-session,pooled,R2-no-texture,0.0200,0.2664
cross-session,pooled,R2-no-texture,0.0500,0.4079
cross-session,pooled,R2-no-texture,0.1000,0.5307
cross-session,pooled,R2-no-texture,0.2000,0.6660
cross-session,pooled,R2-no-texture,0.5000,0.8271
cross-session,pooled,R2-no-texture,1.0000,0.9114
cross-frequency,720k->1200k,R0,0.0050,0.0064
cross-frequency,720k->1200k,R0,0.0100,0.0129
cross-frequency,720k->1200k,R0,0.0200,0.0407
cross-frequency,720k->1200k,R0,0.0500,0.0750
cross-frequency,720k->1200k,R0,0.1000,0.1254
cross-frequency,720k->1200k,R0,0.2000,0.2186
cross-frequency,720k->1200k,R0,0.5000,0.4394
cross-frequency,720k->1200k,R0,1.0000,0.7074
cross-frequency,1200k->720k,R0,0.0050,0.0000
cross-frequency,1200k->720k,R0,0.0100,0.0020
cross-frequency,1200k->720k,R0,0.0200,0.0100
cross-frequency,1200k->720k,R0,0.0500,0.0160
cross-frequency,1200k->720k,R0,0.1000,0.0319
cross-frequency,1200k->720k,R0,0.2000,0.0579
cross-frequency,1200k->720k,R0,0.5000,0.1896
cross-frequency,1200k->720k,R0,1.0000,0.4990
cross-frequency,720k->1200k,R1,0.0050,0.0504
cross-frequency,720k->1200k,R1,0.0100,0.0729
cross-frequency,720k->1200k,R1,0.0200,0.1115
cross-frequency,720k->1200k,R1,0.0500,0.1919
cross-frequency,720k->1200k,R1,0.1000,0.2862
cross-frequency,720k->1200k,R1,0.2000,0.4534
cross-frequency,720k->1200k,R1,0.5000,0.6892
cross-frequency,720k->1200k,R1,1.0000,0.8317
cross-frequency,1200k->720k,R1,0.0050,0.0040
cross-frequency,1200k->720k,R1,0.0100,0.0060
cross-frequency,1200k->720k,R1,0.0200,0.0240
cross-frequency,1200k->720k,R1,0.0500,0.0479
cross-frequency,1200k->720k,R1,0.1000,0.0818
cross-frequency,1200k->720k,R1,0.2000,0.1657
cross-frequency,1200k->720k,R1,0.5000,0.2774
cross-frequency,1200k->720k,R1,1.0000,0.3413
cross-frequency,720k->1200k,R2,0.0050,0.0129
cross-frequency,720k->1200k,R2,0.0100,0.0332
cross-frequency,720k->1200k,R2,0.0200,0.0407
cross-frequency,720k->1200k,R2,0.0500,0.0793
cross-frequency,720k->1200k,R2,0.1000,0.1393
cross-frequency,720k->1200k,R2,0.2000,0.2079
cross-frequency,720k->1200k,R2,0.5000,0.3226
cross-frequency,720k->1200k,R2,1.0000,0.4212
cross-frequency,1200k->720k,R2,0.0050,0.0200
cross-frequency,1200k->720k,R2,0.0100,0.0599
cross-frequency,1200k->720k,R2,0.0200,0.1198
cross-frequency,1200k->720k,R2,0.0500,0.2136
cross-frequency,1200k->720k,R2,0.1000,0.3154
cross-frequency,1200k->720k,R2,0.2000,0.4092
cross-frequency,1200k->720k,R2,0.5000,0.5689
cross-frequency,1200k->720k,R2,1.0000,0.6966
cross-frequency,720k->1200k,R2-raw,0.0050,0.0161
cross-frequency,720k->1200k,R2-raw,0.0100,0.0300
cross-frequency,720k->1200k,R2-raw,0.0200,0.0504
cross-frequency,720k->1200k,R2-raw,0.0500,0.0857
cross-frequency,720k->1200k,R2-raw,0.1000,0.1168
cross-frequency,720k->1200k,R2-raw,0.2000,0.1715
cross-frequency,720k->1200k,R2-raw,0.5000,0.2830
cross-frequency,720k->1200k,R2-raw,1.0000,0.4362
cross-frequency,1200k->720k,R2-raw,0.0050,0.0359
cross-frequency,1200k->720k,R2-raw,0.0100,0.0499
cross-frequency,1200k->720k,R2-raw,0.0200,0.0898
cross-frequency,1200k->720k,R2-raw,0.0500,0.1776
cross-frequency,1200k->720k,R2-raw,0.1000,0.2615
cross-frequency,1200k->720k,R2-raw,0.2000,0.3593
cross-frequency,1200k->720k,R2-raw,0.5000,0.4930
cross-frequency,1200k->720k,R2-raw,1.0000,0.6427
