feature,mean_abs_shap,group
range_w3_m,1.0464,extent
bg_db,0.5938,level
snr_db,0.5437,level
contrast2_db,0.4676,level
area_m2,0.3663,extent
speckle_c,0.3074,texture
cross_ext_m,0.3000,extent
contrast_db,0.1640,level
front_back_db,0.1566,shadow
cross_w6_m,0.1535,extent
cross_w3_m,0.1467,extent
grad_mean,0.1464,texture
front_contrast_db,0.1423,level
ecc,0.1289,extent
range_ext_m,0.1175,extent
shadow_frac,0.1172,shadow
n_cells,0.1128,extent
bg_std_db,0.1127,texture
range_w6_m,0.1126,extent
skew,0.1119,texture
hl_energy_frac,0.1094,highlights
shadow_depth_db,0.0961,shadow
aspect,0.0553,extent
p50_db,0.0546,level
p90_db,0.0494,level
shadow_min_db,0.0472,shadow
energy_db,0.0443,level
fill,0.0347,extent
n_hl,0.0295,highlights
hl_spacing_m,0.0287,highlights
entropy,0.0285,texture
kurt,0.0282,texture
orient,0.0254,extent
hl2_rel_db,0.0239,highlights
mean_db,0.0231,level
shadow_len_m,0.0224,shadow
peak_db,0.0214,level
peak_offset,0.0198,highlights
